chart,cube,group,neighbourhood,phase_flat,phase_region,region_offset,faces,vertices,qc_max,radius_med,u_med,w_phi0,w_rad,w_phase,phase_gauge,phase_bin,wind,k,gbin,shift_u,relayout_rank,relayout_metric_shift_u,relayout_shift_u,cells_initial,cells_final
0,z04352_y03072_x02560,0,0,1,0,0,423,236,1.59544,401.293,-29596.4,8.76763,12.2561,31.3836,0,0,8.38364,0,0,0,31,0.0183234,-0.967024,6168,0
1,z04352_y03072_x02560,1,1,1,0,1,191,114,1.09876,410.986,-29597.9,8.76565,12.252,32.3845,0,0,9.38448,1,0,789.607,39,-0.0361781,4.70028,4153,0
2,z04352_y03072_x02560,2,2,1,0,-2,492,271,1.11156,373.086,-29599.8,8.76307,11.8564,29.3822,0,0,6.38224,-2,0,-1298.57,12,0,-2.49548,6292,0
3,z04352_y03072_x02560,3,3,0,-1,0,462,255,1.07003,358.892,-25394.4,13.2359,15.5731,28.3747,0,0,13.3747,0,0,0,68,-118.994,-119.01,0,0
4,z04352_y03072_x02560,4,4,1,1,1,373,208,1.05901,345.13,-23421.1,14.8746,16.9357,27.3753,0,0,15.3753,1,0,1310.95,104,-109.548,-109.448,1804,0
5,z04352_y03072_x02560,5,5,1,1,0,280,159,1.04936,329.737,-23431.4,14.8665,16.0878,26.3783,0,0,14.3783,0,0,0,87,-109.512,-109.411,1558,0
6,z04352_y03072_x02560,6,6,1,0,-1,312,185,1.0556,384.727,-29600.5,8.7622,12.6531,30.3819,0,0,7.38191,-1,0,-691.298,22,0.0207498,-2.11318,5205,0
7,z04352_y03072_x02560,7,7,1,0,2,135,83,1.06119,429.503,-29581.9,8.78698,11.9356,33.3805,0,0,10.3805,2,0,1666.55,47,-0.0723753,6.98809,3153,0
8,z04352_y03072_x02560,8,8,1,2,2,72,50,1.11857,295.732,-21599.4,16.2401,16.3142,23.3786,0,0,21.3786,5,0,8014.25,281,0.088333,5.81121,612,0
9,z04352_y03072_x02688,8,8,1,2,2,436,241,1.09999,289.807,-21688.8,16.1758,15.8469,23.4307,0,0,21.4307,5,0,8014.25,276,0.0843558,6.08424,4556,0
10,z04352_y03072_x02688,5,9,1,1,0,479,264,1.063,322.473,-23542.4,14.7791,15.5148,26.4349,1,0,14.4349,0,0,0,81,-109.522,-109.42,2317,0
11,z04352_y03072_x02688,9,10,0,2,0,432,239,1.08613,273.655,-21682.6,16.1803,13.8973,21.4262,0,0,19.4262,3,0,4598.53,232,0.144189,7.29283,4446,0
12,z04352_y03072_x02688,4,11,1,1,1,413,230,1.06289,334.069,-23545.1,14.777,16.0631,27.4349,1,0,15.4349,1,0,1310.95,99,-109.548,-109.448,2287,0
13,z04352_y03072_x02688,10,12,0,2,-1,339,191,1.11931,261.015,-21632.5,16.2163,13.5717,20.432,0,0,18.432,2,0,2986.75,180,-0.0170553,5.37069,2906,0
14,z04352_y03072_x02688,3,13,0,-1,0,301,171,1.06129,344.015,-25512.7,13.1311,14.3995,28.4291,1,0,13.4291,0,0,0,62,-118.992,-119.008,0,0
15,z04352_y03072_x02688,11,14,0,-1,0,200,118,1.15631,243.399,-19790.9,17.4899,14.9927,19.4383,0,0,16.4383,-1,0,-1473.59,125,114.873,115.106,0,0
16,z04352_y03072_x02688,2,15,1,0,-2,127,80,1.08168,358.613,-29696.6,8.63248,10.7147,29.4229,1,0,6.42289,-2,0,-1298.57,10,0.00141504,-2.40985,47,0
17,z04352_y03072_x02816,9,16,0,2,0,470,259,1.10685,295.142,-21814.2,16.0852,15.5923,21.5029,-2,0,19.5029,3,0,4598.53,226,0.137925,8.27309,3894,0
18,z04352_y03072_x02816,10,17,0,2,-1,356,199,1.09234,279.467,-21743.2,16.1365,15.0273,20.4994,-2,0,18.4994,2,0,2986.75,175,0,5.72395,3933,0
19,z04352_y03072_x02816,11,18,0,-1,0,261,149,1.13,256.728,-19886.9,17.4258,16.0442,19.5042,-1,0,16.5042,-1,0,-1473.59,121,114.881,115.127,0,0
20,z04352_y03072_x02816,12,19,0,-1,0,267,152,1.18241,224.867,-7726.99,24.2225,24.3507,17.5019,0,-4,23.5019,-1,-4,-2044.89,307,-112.119,-111.885,4,57
21,z04352_y03072_x02816,8,20,1,2,2,363,203,1.14247,314.556,-21818.1,16.0823,17.7991,23.4991,-1,0,21.4991,5,0,8014.25,270,0.0779352,6.18885,3505,0
22,z04352_y03072_x02816,12,21,0,-1,0,158,96,1.3374,215.428,-9294.77,23.4576,23.6062,18.5215,1,-2,24.5215,1,-2,2059.85,375,-104.963,-99.6847,0,0
23,z04352_y03072_x02816,5,22,1,1,0,72,50,1.02785,329.503,-23627.6,14.7117,16.0694,26.4779,1,0,14.4779,0,0,0,80,-109.505,-109.402,27,0
24,z04352_y03072_x02944,12,23,0,-1,0,179,105,1.23669,258.025,-9387.63,23.4115,26.9664,18.5842,-2,-2,24.5842,1,-2,2055.86,374,-100.98,-95.5773,0,0
25,z04352_y03072_x02944,9,24,0,2,0,134,85,1.16439,346.328,-21943.2,15.9914,19.6301,21.5657,-6,1,19.5657,3,0,4598.53,223,0.130548,10.9608,1445,0
26,z04352_y03072_x02944,10,25,0,2,-1,128,78,1.15421,323.466,-21867.4,16.0466,18.4982,20.5674,-5,1,18.5674,2,0,2986.75,169,-0.0177871,6.51231,1834,0
27,z04352_y03072_x02944,12,26,0,-1,0,250,145,1.18503,271.446,-7845.88,24.1653,28.0251,17.5794,-4,-4,23.5794,-1,-4,-2034.59,305,-122.215,-121.867,0,53
28,z04352_y03072_x02944,11,27,0,-1,0,146,88,1.20277,299.144,-20000.4,17.3498,19.3901,19.5699,-4,1,16.5699,-1,0,-1473.59,118,114.9,115.162,0,0
29,z04352_y03072_x02944,12,28,0,-1,0,125,76,1.31679,249.239,-10765.4,22.7166,26.2733,19.5837,0,0,25.5837,3,0,6246.67,448,15.3358,47.2914,0,0
30,z04352_y03072_x02944,8,29,1,2,2,77,52,1.11687,354.456,-21943.4,15.9912,20.9466,23.5609,-4,0,21.5609,5,0,8014.25,266,0.108128,7.31532,1151,0
31,z04352_y03072_x03072,10,30,0,2,-1,406,227,1.21274,372.533,-21987.1,15.9593,22.3688,20.6221,-9,1,18.6221,2,0,2986.75,167,-0.0692914,6.58652,2304,0
32,z04352_y03072_x03072,11,31,0,-1,0,348,197,1.15786,353.015,-20118,17.2706,23.6397,19.6296,-8,1,16.6296,-1,0,-1473.59,113,114.923,115.201,0,0
33,z04352_y03072_x03072,9,32,0,2,0,217,126,1.06802,406.556,-22057.2,15.908,24.3811,21.6101,-10,1,19.6101,3,0,4598.53,219,0.125009,13.9218,1160,236
34,z04352_y03072_x03072,12,33,0,-1,0,284,161,1.21054,329.953,-7945.6,24.1173,32.6404,17.6304,-8,-3,23.6304,0,-3,0,363,-122.057,-121.593,0,0
35,z04352_y03072_x03072,8,34,1,2,2,68,49,1.01772,417.037,-22065.7,15.9018,25.8833,23.6064,-9,0,21.6064,5,0,8014.25,263,0.115152,7.55504,691,0
36,z04352_y03072_x03072,12,35,0,-1,0,95,62,1.30085,304.467,-9460.17,23.3754,30.63,18.6244,-5,-2,24.6244,1,-2,2049.91,369,-95.0213,-89.3395,0,0
37,z04352_y03200_x02560,9,36,0,2,0,325,183,1.0365,294.495,-21521.7,16.2958,15.5412,21.3298,-2,0,19.3298,3,0,4598.53,238,0.126408,6.4764,3382,0
38,z04352_y03200_x02560,10,37,0,2,-1,321,181,1.10297,276.692,-21472.8,16.3308,14.8084,20.3291,-2,0,18.3291,2,0,2986.75,186,0.00109875,4.74967,2069,0
39,z04352_y03200_x02560,8,38,1,2,2,214,124,1.06809,310.718,-21517.6,16.2987,17.4964,23.3352,-1,0,21.3352,5,0,8014.25,283,0.0872954,5.59326,2663,0
40,z04352_y03200_x02560,11,39,0,-1,0,321,181,1.2197,263.628,-19628.6,17.5977,16.5884,19.3271,-2,0,16.3271,-1,0,-1473.59,130,114.883,115.101,0,0
41,z04352_y03200_x02560,12,40,0,-1,0,186,110,1.13683,242.704,-7500.59,24.3309,25.7578,17.3226,-2,-4,23.3226,-1,-4,-2048.9,316,-108.536,-108.48,0,79
42,z04352_y03200_x02560,5,41,1,1,0,125,78,1.0365,347.532,-23347.1,14.9325,17.4916,26.3386,-1,0,14.3386,0,0,0,91,-109.508,-109.407,547,0
43,z04352_y03200_x02560,12,42,0,-1,0,76,52,1.28652,225.306,-9049.7,23.5788,24.3854,18.3161,1,-2,24.3161,1,-2,2070.32,386,-113.442,-110.783,0,0
44,z04352_y03200_x02560,4,43,1,1,1,68,50,1.04417,361.585,-23343.4,14.9354,18.2337,27.3401,-1,0,15.3401,1,0,1310.95,108,-109.549,-109.449,358,0
45,z04352_y03200_x02688,12,44,0,-1,0,483,266,1.14006,187.02,-10514.3,22.8448,21.3652,19.379,5,0,25.379,3,0,6290.14,453,-26.0112,-3.68081,39,0
46,z04352_y03200_x02688,12,45,0,-1,0,443,245,1.16208,200.031,-9142.59,23.5329,22.3916,18.3909,3,-2,24.3909,1,-2,2066.36,381,-109.851,-106.958,0,0
47,z04352_y03200_x02688,12,19,0,-1,0,421,234,1.30588,221.493,-7597.62,24.2845,24.0846,17.3955,0,-4,23.3955,-1,-4,-2044.89,311,-112.348,-112.233,4,43
48,z04352_y03200_x02688,12,46,0,-1,0,429,238,1.28732,171.194,-11793.9,22.1836,20.1168,20.3775,7,1,26.3775,4,1,8365.77,467,127.426,156.378,1605,1023
49,z04352_y03200_x02688,11,14,0,-1,0,260,150,1.10926,239.438,-19718.8,17.5379,14.6802,19.3862,1,0,16.3862,-1,0,-1473.59,128,114.867,115.098,0,0
50,z04352_y03200_x02688,12,47,0,-1,0,225,133,1.12569,153.241,-11798,22.1814,18.7006,20.3728,8,1,26.3728,4,1,8316.74,466,173.257,200.135,1406,1467
51,z04352_y03200_x02688,10,12,0,2,-1,95,62,1.07344,254.414,-21560.8,16.2678,13.0511,20.3837,0,0,18.3837,2,0,2986.75,184,-0.00529543,5.13264,841,0
52,z04352_y03200_x02688,12,48,0,-1,0,82,56,1.38841,119.781,-12816.8,21.6404,16.0611,21.3925,12,3,27.3925,6,3,12733.9,586,304.92,213.158,120,120
53,z04352_y03200_x02816,12,49,0,-1,0,347,212,2.58057,146.372,-12883.3,21.6046,18.1588,21.49,10,3,27.49,6,3,12694.5,578,343.988,253.14,434,312
54,z04352_y03200_x02816,12,50,0,-1,0,426,236,1.2616,182.873,-11914.7,22.1201,21.0381,20.5029,6,1,26.5029,4,1,8362.05,459,132.195,142.183,1837,2231
55,z04352_y03200_x02816,12,51,0,-1,0,377,210,1.10696,191.683,-10638.4,22.7816,21.733,19.4956,4,0,25.4956,3,0,6263.51,451,0.182027,25.8291,0,0
56,z04352_y03200_x02816,12,46,0,-1,0,297,170,1.1845,174.781,-11916.6,22.1191,20.3998,20.5082,7,1,26.5082,4,1,8365.77,460,132.974,153.63,1795,2076
57,z04352_y03200_x02816,12,52,0,-1,0,187,113,1.18396,199.171,-9237.07,23.4862,22.3237,18.4762,3,-2,24.4762,1,-2,2062.32,379,-106.038,-102.934,0,0
58,z04352_y03200_x02816,12,48,0,-1,0,185,116,1.19909,112.472,-12780.7,21.6598,15.4845,21.4639,13,3,27.4639,6,3,12733.9,589,304.832,231.415,1019,1706
59,z04352_y03200_x02944,12,53,0,-1,0,386,216,1.269,216.351,-12028.1,22.0604,23.679,20.6063,4,2,26.6063,5,2,10535.3,554,167.858,199.148,1749,1707
60,z04352_y03200_x02944,12,53,0,-1,0,270,154,1.29585,231.913,-12031.9,22.0584,24.9066,20.5977,3,2,26.5977,5,2,10535.3,553,169.195,176.859,1672,1672
61,z04352_y03200_x02944,12,54,0,-1,0,67,53,1.30497,250.171,-10783.3,22.7074,26.3468,19.5991,0,0,25.5991,3,0,6244.3,446,17.7146,49.9782,0,0
62,z04352_y03200_x02944,12,55,0,-1,0,282,161,1.21099,153.922,-12984.9,21.5498,18.7543,21.6228,10,3,27.6228,6,3,12642.2,568,395.965,302.408,1437,1415
63,z04352_y03200_x02944,12,48,0,-1,0,67,50,1.17406,121.979,-12877.5,21.6077,16.2345,21.6035,12,3,27.6035,6,3,12733.9,582,304.542,232.699,304,312
64,z04352_y03200_x03072,12,56,0,-1,0,324,183,1.2356,314.887,-9542.83,23.3343,31.4519,18.6714,-6,-2,24.6714,1,-2,2049.19,365,-93.2633,-87.2517,0,0
65,z04352_y03200_x03072,12,57,0,-1,0,390,218,1.25909,279.297,-10890.8,22.6523,28.6444,19.6663,-2,0,25.6663,3,0,6228.78,444,32.1719,69.8683,0,0
66,z04352_y03200_x03072,12,58,0,-1,0,184,118,1.39612,356.8,-8024.57,24.0792,34.7582,17.6673,-10,-3,23.6673,0,-3,0,359,-121.857,-121.235,0,0
67,z04352_y03200_x03072,12,53,0,-1,0,161,97,1.12402,246.42,-12127.7,22.0078,26.051,20.6712,1,2,26.6712,5,2,10535.3,549,170.641,160.286,633,633
68,z04352_y03200_x03072,12,53,0,-1,0,120,75,1.08017,228.99,-12121.7,22.011,24.676,20.6781,3,2,26.6781,5,2,10535.3,551,169.757,180.354,598,598
69,z04352_y03200_x03072,11,59,0,-1,0,57,49,1.02229,373.939,-20186.8,17.2241,25.2902,19.6603,-10,1,16.6603,-1,0,-1473.59,109,114.929,115.208,0,0
70,z04352_y03328_x02560,12,60,0,-1,0,285,162,1.22049,219.983,-10382.1,22.9121,23.9655,19.2585,2,-1,25.2585,2,-1,4127.47,398,-44.7195,-44.9883,39,38
71,z04352_y03328_x02560,12,61,0,-1,0,282,161,1.34695,249.467,-8981.83,23.6123,26.2914,18.2644,-1,-2,24.2644,1,-2,2081.95,387,-123.955,-121.939,0,33
72,z04352_y03328_x02560,12,62,0,-1,0,343,193,1.30508,275.469,-7399.98,24.379,28.3424,17.2551,-4,-4,23.2551,-1,-4,-2053.05,322,-104.703,-104.72,0,91
73,z04352_y03328_x02560,11,63,0,-1,0,287,163,1.23897,300.005,-19515.3,17.6726,19.458,19.2576,-4,0,16.2576,-1,0,-1473.59,136,114.903,115.106,0,0
74,z04352_y03328_x02560,12,64,0,-1,0,189,111,1.70903,199.64,-11672.9,22.2469,22.3607,20.2529,4,1,26.2529,4,1,8339.39,475,153.579,196.45,499,1160
75,z04352_y03328_x02560,10,65,0,2,-1,144,88,1.10733,310.425,-21379.1,16.3975,17.4694,20.2777,-4,0,18.2777,2,0,2986.75,189,0.0138535,4.39176,0,0
76,z04352_y03328_x02688,12,48,0,-1,0,422,234,1.56688,119.786,-12741.9,21.6806,16.0615,21.2703,12,3,27.2703,6,3,12733.9,590,305.578,233.449,1906,2939
77,z04352_y03328_x02688,12,66,0,-1,0,380,212,1.56312,92.1371,-12686,21.7106,13.8805,21.2644,14,3,27.2644,6,3,12682.2,592,354.507,306.339,1728,2773
78,z04352_y03328_x02688,12,50,0,-1,0,76,52,1.451,187.599,-11722.5,22.221,21.4109,20.3028,6,1,26.3028,4,1,8362.05,473,130.918,157.206,422,652
79,z04352_y03328_x02688,12,46,0,-1,0,257,150,1.66517,175.531,-11713.3,22.2258,20.4589,20.2899,7,1,26.2899,4,1,8365.77,474,125.306,175.099,1054,1505
80,z04352_y03328_x02816,12,67,0,-1,0,287,172,3.80135,48.487,-12981.1,21.5519,10.4372,21.7061,18,3,27.7061,6,3,12664.2,570,373.294,285.574,1519,1180
81,z04352_y03328_x02816,13,67,1,-1,0,56,40,1.07496,51.9988,-13015.1,21.5335,19.6343,3.86086,0,0,26.8609,5,0,10332,506,0,91.5932,127,0
82,z04352_y03328_x02816,12,68,0,-1,0,77,50,1.28405,64.02,-13239.4,21.4119,11.6625,21.8633,17,3,27.8633,6,3,12594.6,559,442.376,343.103,0,0
83,z04352_y03328_x02944,12,69,0,-1,0,352,200,2.01748,140.188,-13100.8,21.4871,17.6709,21.7411,11,3,27.7411,6,3,12667.2,566,370.8,269.69,59,383
84,z04352_y03328_x02944,12,70,0,-1,0,214,127,2.49519,168.212,-12342,21.8942,19.8816,20.7861,8,2,26.7861,5,2,10487.9,533,217.889,204.083,0,0
85,z04352_y03328_x02944,12,50,0,-1,0,69,50,1.27517,191.907,-11147.2,22.5202,21.7507,19.7866,5,0,25.7866,3,0,6141.93,433,117.239,162.876,0,0
86,z04352_y03328_x03072,12,71,0,-1,0,414,230,1.48416,245.184,-11056.9,22.5668,25.9535,19.7424,0,0,25.7424,3,0,6207.85,437,52.3741,93.3297,0,0
87,z04352_y03328_x03072,12,72,0,-1,0,480,265,1.35916,271.439,-9693.26,23.2592,28.0246,18.7441,-3,-1,24.7441,2,-1,4171.81,426,-88.1356,-80.8214,0,0
88,z04352_y03328_x03072,12,73,0,-1,0,501,275,1.15889,291.937,-8202.09,23.9933,29.6415,17.7462,-5,-3,23.7462,0,-3,0,358,-121.078,-119.795,0,0
89,z04352_y03328_x03072,12,53,0,-1,0,296,168,1.6563,228.538,-12224.3,21.9567,24.6403,20.7313,3,2,26.7313,5,2,10535.3,541,170.435,169.289,0,0
90,z04352_y03328_x03072,12,74,0,-1,0,68,50,1.19753,317.06,-6597.14,24.759,31.6233,16.7683,-8,-5,22.7683,-2,-5,-4085.37,301,-66.6748,-66.2788,0,63
91,z04352_y03456_x02560,11,75,0,-1,0,491,270,1.15844,295.186,-19382.2,17.7601,19.0779,19.1804,-4,0,16.1804,-1,0,-1473.59,139,114.917,115.11,0,0
92,z04352_y03456_x02560,12,76,0,-1,0,404,226,1.15171,275.025,-7283.93,24.4343,28.3074,17.1791,-4,-4,23.1791,-1,-4,-2057.83,323,-100.506,-100.555,0,113
93,z04352_y03456_x02560,12,77,0,-1,0,227,131,1.15301,253.266,-8868.82,23.6679,26.591,18.1825,-2,-2,24.1825,1,-2,2078.02,392,-120.1,-118.225,0,33
94,z04352_y03456_x02560,12,78,0,-1,0,126,78,1.23092,233.303,-10292.4,22.9575,25.0162,19.1895,1,-1,25.1895,2,-1,4119.68,401,-36.7036,-33.812,0,38
95,z04352_y03456_x02560,10,79,0,2,-1,108,68,1.02342,340.356,-21187.3,16.5333,19.8305,20.1735,-7,0,18.1735,2,0,2986.75,195,-0.0942833,-7.88683,391,0
96,z04352_y03456_x02688,12,50,0,-1,0,377,212,1.13025,189.556,-11553.5,22.3093,21.5653,20.1399,6,1,26.1399,4,1,8362.05,481,131.746,183.033,1927,1746
97,z04352_y03456_x02688,12,46,0,-1,0,337,191,1.20288,168.34,-11562.3,22.3047,19.8917,20.137,7,1,26.137,4,1,8365.77,479,124.803,155.345,1788,1746
98,z04352_y03456_x02688,12,80,0,-1,0,299,169,1.10897,199.185,-10184.9,23.0119,22.3249,19.1135,3,-1,25.1135,2,-1,4130.36,408,-47.155,-38.205,0,0
99,z04352_y03456_x02688,12,81,0,-1,0,286,162,1.09181,209.047,-8744.61,23.7288,23.1028,18.105,1,-3,24.105,0,-3,0,336,-120.709,-118.924,0,0
100,z04352_y03456_x02688,12,82,0,-1,0,71,50,1.0282,244.762,-7189.17,24.4793,25.9202,17.125,-2,-4,23.125,-1,-4,-2069.4,328,-90.2213,-89.9441,0,62
101,z04352_y03456_x02688,12,48,0,-1,0,86,56,1.10972,110.467,-12656.3,21.7265,15.3264,21.142,12,2,27.142,5,2,10395.6,512,308.893,253.764,660,26
102,z04352_y03456_x02816,12,83,0,-1,0,348,214,1.45335,83.2518,-12576.9,21.769,13.1796,21.0321,14,2,27.0321,5,2,10396.7,516,311.221,265.76,1714,1617
103,z04352_y03456_x02816,12,48,0,-1,0,361,202,2.32584,102.915,-12557,21.7796,14.7307,21.0021,13,2,27.0021,5,2,10395.6,518,310.045,267.829,1607,1591
104,z04352_y03456_x02816,12,84,0,-1,0,369,206,1.26194,131.097,-11408.6,22.3847,16.9538,19.9934,10,1,25.9934,4,1,8387.01,491,103.72,129.516,1806,1555
105,z04352_y03456_x02816,12,85,0,-1,0,354,198,1.31363,143.481,-11382.6,22.3983,17.9307,19.9916,9,1,25.9916,4,1,8391.69,494,104.669,157.125,1918,1734
106,z04352_y03456_x02816,12,86,0,-1,0,265,151,1.29192,165.195,-10045.7,23.0822,19.6436,18.9943,6,-1,24.9943,2,-1,4141.23,414,-57.4123,-48.4066,0,0
107,z04352_y03456_x02816,12,87,0,-1,0,88,60,1.37667,176.827,-8590.92,23.8041,20.5612,17.9876,4,-3,23.9876,0,-3,0,344,-120.155,-118.342,0,0
108,z04352_y03456_x02816,12,88,0,-1,0,66,50,2.44823,83.1946,-13253.3,21.4044,13.175,21.8929,16,4,27.8929,7,4,14991.6,598,441.223,342.953,0,0
109,z04352_y03456_x02944,12,46,0,-1,0,497,273,1.24784,159.89,-11233.4,22.4756,19.2251,19.8494,7,0,25.8494,3,0,6144.72,430,112.235,160.528,30,0
110,z04352_y03456_x02944,12,89,0,-1,0,70,50,1.64341,133.549,-11325.4,22.428,17.1472,19.8973,10,1,25.8973,4,1,8401.96,497,89.1298,137.813,325,179
111,z04352_y03456_x02944,12,90,0,-1,0,473,261,1.32388,174.139,-9910.24,23.1504,20.3491,18.8657,5,-1,24.8657,2,-1,4153.01,419,-68.9039,-59.5892,0,0
112,z04352_y03456_x02944,12,91,0,-1,0,455,251,1.37184,194.359,-8435.08,23.8801,21.9441,17.8757,2,-3,23.8757,0,-3,0,348,-120.555,-118.923,0,0
113,z04352_y03456_x02944,12,92,0,-1,0,243,141,1.31154,128.498,-12421.9,21.8517,16.7488,20.8434,11,2,26.8434,5,2,10469.5,530,236.198,213.132,807,749
114,z04352_y03456_x02944,12,93,0,-1,0,134,83,1.2036,116.509,-12432.2,21.8462,15.803,20.8481,12,2,26.8481,5,2,10467.1,528,240.207,190.011,763,749
115,z04352_y03456_x02944,12,82,0,-1,0,107,71,3.07854,237.348,-6802.82,24.6622,25.3353,16.8727,-2,-5,22.8727,-2,-5,-4052.39,294,-99.657,-99.2173,0,244
116,z04352_y03456_x02944,12,94,0,-1,0,75,50,1.36415,100.402,-13220.6,21.4221,14.5325,21.8479,14,3,27.8479,6,3,12599.9,560,439.247,340.686,0,0
117,z04352_y03456_x03072,12,95,0,-1,0,507,278,2.96056,283.797,-6695.91,24.7126,28.9994,16.8161,-6,-5,22.8161,-2,-5,-4077.35,298,-74.6991,-74.2953,0,312
118,z04352_y03456_x03072,11,96,0,-1,0,428,238,1.1232,300.153,-18758.5,18.1646,19.4697,18.8228,-5,-1,15.8228,-1,0,-1473.59,161,114.979,115.12,0,0
119,z04352_y03456_x03072,12,61,0,-1,0,236,137,1.2727,240.611,-8314.42,23.9388,25.5927,17.8025,-1,-3,23.8025,0,-3,0,355,-120.886,-119.412,0,0
120,z04352_y03456_x03072,10,97,0,2,-1,185,111,1.1449,326.437,-20522,16.9958,18.7325,19.8277,-6,-1,17.8277,2,0,2986.75,216,-0.158283,-18.6513,756,236
121,z04352_y03456_x03072,12,98,0,-1,0,147,90,1.35032,229.593,-9799.04,23.2062,24.7235,18.7989,1,-1,24.7989,2,-1,4162.65,424,-78.5031,-70.1941,0,0
122,z04352_y03456_x03072,9,99,0,2,0,104,68,1.04926,340.835,-20515.6,17.0002,19.1967,20.8265,-6,-1,18.8265,3,0,4598.53,261,-0.106339,-12.2943,599,0
123,z04352_y03584_x02560,9,100,0,2,0,382,213,1.1548,350.375,-21124.1,16.5778,19.9492,21.1339,-6,0,19.1339,3,0,4598.53,245,-0.100828,-9.28844,1942,0
124,z04352_y03584_x02560,10,101,0,2,-1,293,166,1.15305,317.19,-21107.7,16.5893,18.0031,20.1377,-5,0,18.1377,2,0,2986.75,197,-0.10651,-9.0537,1509,0
125,z04352_y03584_x02560,11,102,0,-1,0,66,50,1.13502,274.106,-19289.3,17.821,17.415,19.1314,-2,0,16.1314,-1,0,-1473.59,142,114.931,115.115,0,0
126,z04352_y03584_x02560,14,103,0,-1,0,73,50,1.09393,399.584,-29025.8,9.50009,14.7241,31.114,0,1,12.114,2,0,1881.89,48,0,0,0,0
127,z04352_y03584_x02688,11,104,0,-1,0,317,179,1.21964,245.422,-19205.1,17.8759,15.1523,19.0875,0,0,16.0875,-1,0,-1473.59,145,114.94,115.119,0,0
128,z04352_y03584_x02688,10,105,0,2,-1,421,233,1.21532,273.749,-20978.9,16.6796,14.5763,20.0763,-2,0,18.0763,2,0,2986.75,202,-0.123925,-10.6995,1818,0
129,z04352_y03584_x02688,9,106,0,2,0,276,157,1.16451,291.098,-20976,16.6816,15.2733,21.0705,-2,-1,19.0705,3,0,4598.53,250,-0.106626,-10.1541,1776,0
130,z04352_y03584_x02688,12,107,0,-1,0,143,86,1.12684,219.491,-7120.63,24.5119,23.9267,17.0838,0,-4,23.0838,-1,-4,-2064.54,332,-97.6661,-97.0644,0,0
131,z04352_y03584_x02688,14,108,0,-1,0,105,68,1.07162,323.664,-28878.5,9.68008,8.73518,31.0598,6,0,12.0598,2,0,1881.89,49,0,0,0,0
132,z04352_y03584_x02816,11,109,0,-1,0,373,208,1.38559,226.865,-19071.9,17.9625,13.6884,19.0008,1,-1,16.0008,-1,0,-1473.59,150,114.96,115.125,0,0
133,z04352_y03584_x02816,9,110,0,2,0,294,168,1.52555,269.876,-20857.7,16.764,13.5992,21.0038,0,-1,19.0038,3,0,4598.53,251,-0.0952799,-10.9,1855,0
134,z04352_y03584_x02816,10,111,0,2,-1,432,239,1.16406,255.192,-20850.9,16.7688,13.1124,20.0007,0,-1,18.0007,2,0,2986.75,206,-0.150914,-12.7906,1883,0
135,z04352_y03584_x02816,12,112,0,-1,0,198,116,1.26008,202.859,-6991.88,24.5729,22.6146,16.9947,1,-5,22.9947,-2,-5,-4053.21,289,-98.3523,-97.8429,0,47
136,z04352_y03584_x02816,12,91,0,-1,0,99,62,1.26027,188.157,-8602.01,23.7986,21.4549,17.9964,3,-3,23.9964,0,-3,0,341,-120.315,-118.613,0,0
137,z04352_y03584_x02816,14,113,0,-1,0,190,112,1.08167,295.895,-28751.5,9.83252,6.54465,30.9945,8,0,11.9945,2,0,1881.89,50,0,0,0,0
138,z04352_y03584_x02944,9,106,0,2,0,451,249,1.69689,290.313,-20711.8,16.8652,15.2113,20.924,-2,-1,18.924,3,0,4598.53,253,-0.105761,-11.3609,2404,0
139,z04352_y03584_x02944,10,114,0,2,-1,464,256,3.1486,276.435,-20704.6,16.8701,14.7882,19.9185,-2,-1,17.9185,2,0,2986.75,210,-0.152679,-14.9929,2447,0
140,z04352_y03584_x02944,11,115,0,-1,0,427,236,5.9656,252.365,-18927,18.0562,15.7,18.9134,-1,-1,15.9134,-1,0,-1473.59,155,114.969,115.128,0,0
141,z04352_y03584_x02944,12,116,0,-1,0,259,149,1.27415,226.238,-6875.39,24.628,24.4589,16.9176,-1,-5,22.9176,-2,-5,-4062.73,291,-89.7682,-89.3259,0,52
142,z04352_y03584_x02944,14,117,0,-1,0,393,219,1.11695,315.681,-28620.8,9.9871,8.10549,30.9267,6,0,11.9267,2,0,1881.89,51,0,0,0,0
143,z04352_y03584_x03072,14,118,0,-1,0,413,229,1.0957,341.517,-28486.3,10.1436,10.1436,30.8632,4,0,11.8632,2,0,1881.89,55,0,0,0,0
144,z04352_y03584_x03072,9,119,0,2,0,271,154,1.08892,313.832,-20600.1,16.9422,17.0666,20.8651,-4,-1,18.8651,3,0,4598.53,257,-0.107474,-11.8703,1244,0
145,z04352_y03584_x03072,10,120,0,2,-1,171,101,1.41085,300.625,-20602.3,16.9407,16.6964,19.8654,-4,-1,17.8654,2,0,2986.75,214,-0.157877,-16.9474,1016,0
146,z04480_y03072_x02560,1,121,1,0,1,461,255,2.0183,397.057,-29604.7,8.7565,11.1533,32.3859,1,0,9.38594,1,0,789.607,38,-0.00400291,2.74092,9414,0
147,z04480_y03072_x02560,0,122,1,0,0,517,284,1.08004,381.134,-29599,8.76413,10.6658,31.383,1,0,8.38302,0,0,0,30,0.0208041,-1.3842,9752,0
148,z04480_y03072_x02560,6,123,1,0,-1,504,277,1.16853,364.218,-29590.4,8.77566,11.0352,30.3766,2,0,7.3766,-1,0,-691.298,23,0.0207444,-2.19354,9526,0
149,z04480_y03072_x02560,2,124,1,0,-2,447,247,1.14105,347.327,-29584.2,8.78389,9.8244,29.3716,2,0,6.37162,-2,0,-1298.57,14,-0.00129712,-2.58544,8772,0
150,z04480_y03072_x02560,3,125,0,-1,0,346,195,1.05909,334.128,-25397,13.2336,13.6197,28.3734,2,0,13.3734,0,0,0,67,-118.997,-119.012,0,0
151,z04480_y03072_x02560,7,126,1,0,2,402,224,1.04148,411.045,-29600.7,8.76191,10.4796,33.3868,1,0,10.3868,2,0,1666.55,45,-0.0723753,7.00588,8448,0
152,z04480_y03072_x02560,4,127,1,1,1,186,111,1.1174,313.999,-23430.2,14.8674,14.4799,27.376,3,0,15.376,1,0,1310.95,103,-109.552,-109.452,765,0
153,z04480_y03072_x02560,15,128,0,-1,0,203,120,1.03541,428.159,-38919,33.893,33.893,33.3814,0,-3,32.3814,0,0,0,3,0,0,0,0
154,z04480_y03072_x02560,5,129,1,1,0,61,44,1.06736,305.054,-23436.8,14.8622,14.1407,26.379,3,0,14.379,0,0,0,86,-109.561,-109.459,362,0
155,z04480_y03072_x02688,5,130,1,1,0,451,249,1.11784,285.875,-23527.6,14.7908,12.6278,26.4286,4,0,14.4286,0,0,0,82,-109.545,-109.442,2401,0
156,z04480_y03072_x02688,4,131,1,1,1,464,256,1.12762,298.037,-23528.2,14.7903,13.2208,27.4271,4,0,15.4271,1,0,1310.95,100,-109.552,-109.452,2394,0
157,z04480_y03072_x02688,3,132,0,-1,0,477,262,1.11575,320.121,-25524.3,13.1208,12.5147,28.4359,3,0,13.4359,0,0,0,61,-118.991,-119.006,0,0
158,z04480_y03072_x02688,8,133,1,2,2,390,217,1.27132,267.406,-21684,16.1792,14.0798,23.4275,2,0,21.4275,5,0,8014.25,277,0.077344,6.19892,3969,0
159,z04480_y03072_x02688,2,134,1,0,-2,403,224,1.10012,331.914,-29714.2,8.60854,8.60854,29.432,3,0,6.432,-2,0,-1298.57,8,-0.00481294,-2.60648,3450,0
160,z04480_y03072_x02688,9,135,0,2,0,291,166,1.1998,254.744,-21689.2,16.1755,12.4055,21.43,2,0,19.43,3,0,4598.53,231,0.131538,6.98561,3090,0
161,z04480_y03072_x02688,6,124,1,0,-1,300,172,1.23216,344.517,-29706.7,8.61871,9.48111,30.4299,3,0,7.42986,-1,0,-691.298,21,0.0232572,-2.29696,3111,0
162,z04480_y03072_x02688,10,136,0,2,-1,165,99,1.09778,242.069,-21639.9,16.211,12.0772,20.4372,2,0,18.4372,2,0,2986.75,179,-0.0279848,5.05717,1603,0
163,z04480_y03072_x02688,0,137,1,0,0,146,91,1.06331,355.352,-29696.9,8.63204,8.63204,31.425,3,0,8.42497,0,0,0,29,0.0218328,-1.66964,2138,0
164,z04480_y03072_x02688,1,138,1,0,1,75,50,1.07519,365.12,-29695.5,8.63397,8.63397,32.4238,4,0,9.42376,1,0,789.607,37,0.0146013,-1.27903,1235,0
165,z04480_y03072_x02816,8,8,1,2,2,456,252,1.12262,286.722,-21811.2,16.0874,15.6035,23.5005,1,0,21.5005,5,0,8014.25,271,0.0802488,6.32541,4495,0
166,z04480_y03072_x02816,9,10,0,2,0,472,260,1.07947,268.553,-21804.9,16.0919,13.4948,21.5027,0,0,19.5027,3,0,4598.53,227,0.139315,8.35869,4607,0
167,z04480_y03072_x02816,10,12,0,2,-1,464,256,1.07328,253.656,-21739.2,16.1394,12.9912,20.503,0,0,18.503,2,0,2986.75,176,0.00156938,5.58186,4673,0
168,z04480_y03072_x02816,11,14,0,-1,0,431,238,1.24534,231.944,-19879.3,17.4309,14.0891,19.5027,1,0,16.5027,-1,0,-1473.59,122,114.871,115.119,0,0
169,z04480_y03072_x02816,5,139,1,1,0,380,212,1.10829,311.974,-23659.2,14.6866,14.6866,26.4974,2,0,14.4974,0,0,0,77,-109.543,-109.439,1624,0
170,z04480_y03072_x02816,4,140,1,1,1,284,163,1.09513,316.705,-23650.7,14.6934,14.6934,27.49,3,0,15.49,1,0,1310.95,98,-109.551,-109.45,1565,0
171,z04480_y03072_x02816,3,141,0,-1,0,73,50,1.06539,326.806,-25612.5,13.042,13.042,28.4802,3,0,13.4802,0,0,0,60,-118.98,-118.995,0,0
172,z04480_y03072_x02944,8,142,1,2,2,241,140,1.10763,340.13,-21937.6,15.9955,19.8165,23.5623,-3,0,21.5623,5,0,8014.25,268,0.0987628,7.0164,2725,0
173,z04480_y03072_x02944,12,143,0,-1,0,155,92,1.28655,254.018,-7849.28,24.1637,26.6503,17.5891,-2,-4,23.5891,-1,-4,-2034.45,303,-122.263,-121.886,0,0
174,z04480_y03072_x02944,9,144,0,2,0,244,145,1.08596,330.695,-21943.7,15.991,18.3968,21.5696,-4,1,19.5696,3,0,4598.53,222,0.135067,10.9662,2727,0
175,z04480_y03072_x02944,11,145,0,-1,0,312,176,1.11228,280.226,-20001.1,17.3493,17.8977,19.5754,-3,1,16.5754,-1,0,-1473.59,117,114.892,115.154,0,0
176,z04480_y03072_x02944,10,146,0,2,-1,223,132,1.09773,308.187,-21866.4,16.0473,17.2929,20.5699,-4,1,18.5699,2,0,2986.75,170,-0.00940737,6.11786,2830,0
177,z04480_y03072_x02944,12,147,0,-1,0,71,50,1.28395,260.087,-9410.29,23.4002,27.1291,18.6013,-2,-2,24.6013,1,-2,2054.89,370,-100.007,-94.6469,0,0
178,z04480_y03072_x02944,5,148,1,1,0,75,50,1.06807,340.645,-23750.6,14.6138,16.9483,26.5426,0,0,14.5426,0,0,0,76,-109.546,-109.438,4,0
179,z04480_y03072_x03072,10,149,0,2,-1,390,218,1.14895,367.496,-21988.2,15.9585,21.9714,20.6236,-8,1,18.6236,2,0,2986.75,166,-0.0598752,6.71015,3249,0
180,z04480_y03072_x03072,9,150,0,2,0,299,169,1.06828,390.311,-22056.6,15.9084,23.0996,21.6143,-9,1,19.6143,3,0,4598.53,220,0.12074,18.7405,1852,412
181,z04480_y03072_x03072,8,34,1,2,2,122,77,1.03591,411.861,-22072.7,15.8967,25.4749,23.6106,-9,0,21.6106,5,0,8014.25,262,0.118664,7.68217,1438,0
182,z04480_y03072_x03072,11,151,0,-1,0,305,173,1.09815,328.606,-20109,17.2767,21.7142,19.6292,-6,1,16.6292,-1,0,-1473.59,114,114.915,115.189,0,0
183,z04480_y03072_x03072,12,152,0,-1,0,72,50,1.12706,301.308,-7925.3,24.1271,30.3808,17.6257,-6,-3,23.6257,0,-3,0,364,-122.169,-121.755,0,0
184,z04480_y03200_x02560,8,8,1,2,2,515,282,1.11184,291.785,-21520.2,16.2969,16.0029,23.3324,0,0,21.3324,5,0,8014.25,282,0.0888261,5.59013,5131,0
185,z04480_y03200_x02560,9,10,0,2,0,435,241,1.05508,273.762,-21527.6,16.2916,13.9057,21.3284,-1,0,19.3284,3,0,4598.53,236,0.148661,6.2929,4466,0
186,z04480_y03200_x02560,5,153,1,1,0,365,204,1.11249,312.743,-23364.5,14.9189,14.7473,26.3408,2,0,14.3408,0,0,0,90,-109.561,-109.46,1720,0
187,z04480_y03200_x02560,10,12,0,2,-1,255,146,1.06224,258.644,-21473.4,16.3303,13.3847,20.325,0,0,18.325,2,0,2986.75,185,-0.0223681,4.61468,2633,0
188,z04480_y03200_x02560,4,11,1,1,1,262,150,1.06114,335.186,-23349.9,14.9303,16.1512,27.3384,1,0,15.3384,1,0,1310.95,107,-109.551,-109.451,1387,0
189,z04480_y03200_x02560,11,14,0,-1,0,117,72,1.04791,243.094,-19627.2,17.5987,14.9687,19.3217,0,0,16.3217,-1,0,-1473.59,131,114.873,115.097,0,0
190,z04480_y03200_x02560,3,3,0,-1,0,108,69,1.02408,356.269,-25322.3,13.2994,15.3662,28.3402,0,0,13.3402,0,0,0,71,-118.993,-119.009,0,0
191,z04480_y03200_x02560,12,19,0,-1,0,71,50,1.07109,220.784,-7496.97,24.3327,24.0287,17.3168,0,-4,23.3168,-1,-4,-2044.89,318,-112.39,-112.32,0,79
192,z04480_y03200_x02688,12,154,0,-1,0,482,266,1.17279,197.21,-7590.84,24.2878,22.1691,17.3874,2,-4,23.3874,-1,-4,-2048.94,312,-108.289,-108.181,0,60
193,z04480_y03200_x02688,11,155,0,-1,0,366,205,1.18628,220.277,-19734.4,17.5275,13.1688,19.3968,2,0,16.3968,-1,0,-1473.59,126,114.838,115.069,0,0
194,z04480_y03200_x02688,12,156,0,-1,0,462,255,1.11135,180.916,-9127.96,23.5402,20.8837,18.3756,4,-2,24.3756,1,-2,2070.25,383,-113.835,-110.846,0,0
195,z04480_y03200_x02688,12,157,0,-1,0,383,214,1.09693,164.037,-10511.6,22.8462,19.5523,19.3738,6,0,25.3738,3,0,6292.57,454,-28.0893,-7.7175,0,0
196,z04480_y03200_x02688,10,136,0,2,-1,251,146,1.08249,238.545,-21569.9,16.2613,11.7992,20.3888,2,0,18.3888,2,0,2986.75,183,-0.04599,4.72259,2856,0
197,z04480_y03200_x02688,12,47,0,-1,0,268,153,1.32707,145.723,-11798.9,22.181,18.1076,20.3797,9,1,26.3797,4,1,8316.74,465,173.673,203.237,985,987
198,z04480_y03200_x02688,9,135,0,2,0,158,97,1.14638,248.315,-21619.1,16.226,11.8983,21.3854,2,0,19.3854,3,0,4598.53,235,0.144871,6.21898,1441,0
199,z04480_y03200_x02688,12,158,0,-1,0,79,53,1.04281,126.35,-11810,22.1752,16.5793,20.3878,11,1,26.3878,4,1,8316.06,463,172.782,179.796,615,617
200,z04480_y03200_x02688,8,159,1,2,2,73,50,1.06954,259.252,-21611.2,16.2316,13.4365,23.3831,3,0,21.3831,5,0,8014.25,280,0.0475248,5.76946,654,0
201,z04480_y03200_x02816,12,48,0,-1,0,333,204,1.57691,119.944,-12878.6,21.6071,16.074,21.4947,12,3,27.4947,6,3,12733.9,581,304.588,210.568,1406,986
202,z04480_y03200_x02816,12,48,0,-1,0,280,164,1.24753,107.949,-12804.8,21.6468,15.1278,21.5104,13,3,27.5104,6,3,12733.9,588,304.656,231.735,1331,1197
203,z04480_y03200_x02816,12,47,0,-1,0,474,261,1.08522,156.1,-11907.4,22.124,18.9261,20.5022,8,1,26.5022,4,1,8316.74,456,173.763,205.34,1972,1953
204,z04480_y03200_x02816,12,160,0,-1,0,360,201,1.08558,181.683,-9258.73,23.4755,20.9442,18.4982,4,-2,24.4982,1,-2,2061.39,376,-105.338,-101.971,0,0
205,z04480_y03200_x02816,12,161,0,-1,0,461,254,1.09314,167.087,-10639.4,22.781,19.7928,19.5016,6,0,25.5016,3,0,6263.37,450,0,26.9319,0,0
206,z04480_y03200_x02816,12,162,0,-1,0,272,156,1.19073,196.573,-7711.22,24.2301,22.1188,17.492,2,-4,23.492,-1,-4,-2040.19,309,-117.006,-116.87,0,60
207,z04480_y03200_x02816,12,47,0,-1,0,338,196,1.05914,146.503,-11908.8,22.1232,18.1691,20.508,9,1,26.508,4,1,8316.74,455,172.045,181.657,1991,1991
208,z04480_y03200_x02944,12,163,0,-1,0,384,214,1.08035,197.801,-12035.5,22.0565,22.2157,20.6185,5,2,26.6185,5,2,10558.1,557,151.925,172.003,1788,1567
209,z04480_y03200_x02944,12,53,0,-1,0,291,167,1.23155,215.999,-12034.2,22.0572,23.6512,20.605,4,2,26.605,5,2,10535.3,552,171.285,192.962,1719,1567
210,z04480_y03200_x02944,12,164,0,-1,0,272,155,1.16787,225.965,-10766.3,22.7161,24.4374,19.5938,2,0,25.5938,3,0,6246.55,447,15.5707,46.4481,0,0
211,z04480_y03200_x02944,12,165,0,-1,0,153,93,1.12019,236.405,-9387.63,23.4115,25.261,18.5924,0,-2,24.5924,1,-2,2055.86,373,-100.801,-96.5062,0,0
212,z04480_y03200_x02944,12,69,0,-1,0,197,116,1.10323,135.638,-12981,21.5519,17.312,21.6244,11,3,27.6244,6,3,12667.2,571,370.893,285.145,1545,701
213,z04480_y03200_x02944,12,48,0,-1,0,70,50,1.20255,115.873,-12878.8,21.607,15.7528,21.6102,12,3,27.6102,6,3,12733.9,580,304.421,224.144,396,445
214,z04480_y03200_x03072,12,35,0,-1,0,447,247,1.13803,310.884,-9526.22,23.3425,31.1362,18.6647,-6,-2,24.6647,1,-2,2049.91,368,-95.9339,-90.2358,0,0
215,z04480_y03200_x03072,12,166,0,-1,0,302,172,1.17811,283.624,-10895.8,22.6497,28.9858,19.6693,-3,0,25.6693,3,0,6229.33,443,31.8539,69.3354,0,0
216,z04480_y03200_x03072,12,33,0,-1,0,329,186,1.07124,334.294,-7994.57,24.0937,32.9828,17.6572,-8,-3,23.6572,0,-3,0,360,-122.079,-121.65,0,0
217,z04480_y03200_x03072,12,53,0,-1,0,153,92,1.12169,244.085,-12132.4,22.0053,25.8668,20.6753,1,2,26.6753,5,2,10535.3,547,171.196,185.842,660,610
218,z04480_y03200_x03072,12,53,0,-1,0,74,50,1.051,229.434,-12126,22.0087,24.7111,20.6819,3,2,26.6819,5,2,10535.3,550,171.322,178.263,452,452
219,z04480_y03200_x03072,11,31,0,-1,0,136,84,1.0293,356.664,-20178.3,17.2299,23.9275,19.6601,-8,1,16.6601,-1,0,-1473.59,110,114.944,115.231,0,0
220,z04480_y03328_x02560,12,167,0,-1,0,276,157,1.17143,253.624,-7418.53,24.3701,26.6193,17.2648,-3,-4,23.2648,-1,-4,-2057.96,319,-99.3704,-99.4189,0,79
221,z04480_y03328_x02560,12,61,0,-1,0,330,185,1.20253,233.064,-8981.68,23.6123,24.9974,18.2622,0,-2,24.2622,1,-2,2081.95,388,-123.748,-121.718,0,0
222,z04480_y03328_x02560,11,75,0,-1,0,327,184,1.13803,283.283,-19525.4,17.6659,18.1389,19.2621,-3,0,16.2621,-1,0,-1473.59,135,114.901,115.106,0,0
223,z04480_y03328_x02560,12,60,0,-1,0,258,148,1.20142,208.937,-10373,22.9167,23.0941,19.2492,3,-1,25.2492,2,-1,4127.47,399,-44.9752,-45.1447,0,0
224,z04480_y03328_x02560,10,168,0,2,-1,268,154,1.06238,299.305,-21373.4,16.4015,16.5922,20.2719,-3,0,18.2719,2,0,2986.75,190,-0.000656826,3.45768,83,0
225,z04480_y03328_x02560,9,169,0,2,0,102,67,1.05811,309.729,-21434.1,16.3583,16.743,21.2815,-3,0,19.2815,3,0,4598.53,240,0.142267,5.64408,694,0
226,z04480_y03328_x02688,12,48,0,-1,0,339,190,1.20418,100.703,-12741.7,21.6807,14.5562,21.2707,13,3,27.2707,6,3,12733.9,591,305.615,254.811,1626,1606
227,z04480_y03328_x02688,12,47,0,-1,0,348,200,1.81112,151.786,-11709.3,22.2279,18.5859,20.2751,8,1,26.2751,4,1,8316.74,470,173.039,197.879,1700,1123
228,z04480_y03328_x02688,12,46,0,-1,0,264,152,1.32233,178.278,-11697.7,22.234,20.6756,20.2725,6,1,26.2725,4,1,8365.77,476,125.764,152.423,1406,856
229,z04480_y03328_x02688,12,83,0,-1,0,187,112,1.66705,76.3901,-12684.4,21.7115,12.6383,21.2657,15,3,27.2657,6,3,12735.3,597,303.932,280.542,906,494
230,z04480_y03328_x02688,12,44,0,-1,0,95,62,1.41108,186.651,-10436.8,22.8843,21.3361,19.3029,5,-1,25.3029,2,-1,4107.02,395,-26.0265,-16.7386,0,0
231,z04480_y03328_x02816,12,83,0,-1,0,69,50,1.60394,78.4725,-12737,21.6832,12.8025,21.3909,15,3,27.3909,6,3,12735.3,593,303.29,255.369,396,393
232,z04480_y03328_x02816,12,83,0,-1,0,64,48,1.3743,72.1356,-12637.7,21.7365,12.3027,21.1484,15,2,27.1484,5,2,10396.7,515,310.207,273.885,206,205
233,z04480_y03328_x02816,12,67,0,-1,0,128,81,1.36793,51.1711,-12991.7,21.5461,10.6489,21.7847,18,3,27.7847,6,3,12664.2,569,373.294,264.603,1272,670
234,z04480_y03328_x02816,13,170,1,-1,0,95,63,1.08402,65.5187,-13009.9,21.5363,20.7008,3.84188,-1,0,26.8419,5,0,10332,507,0,91.6827,750,0
235,z04480_y03328_x02816,12,66,0,-1,0,69,50,1.15139,89.0281,-12812.7,21.6426,13.6352,21.39,14,3,27.39,6,3,12682.2,583,355.662,286.642,230,346
236,z04480_y03328_x02944,12,55,0,-1,0,309,175,1.32329,154.419,-13088,21.4941,18.7935,21.7345,10,3,27.7345,6,3,12642.2,564,395.728,297.49,348,0
237,z04480_y03328_x02944,12,66,0,-1,0,177,105,1.27946,92.6636,-12927.3,21.5809,13.922,21.674,14,3,27.674,6,3,12682.2,576,355.451,271.76,832,38
238,z04480_y03328_x02944,13,83,1,-1,0,47,37,5.25507,76.3826,-12970.2,21.5578,21.5578,3.75178,-2,0,26.7518,5,0,10332,510,0,91.7489,292,0
239,z04480_y03328_x02944,13,83,1,-1,0,58,41,1.7372,78.9413,-12976.8,21.5542,21.7596,3.77478,-2,0,26.7748,5,0,10332,508,0,91.7489,304,0
240,z04480_y03328_x03072,12,53,0,-1,0,356,199,1.33948,247.577,-12236,21.9505,26.1423,20.7436,2,2,26.7436,5,2,10535.3,540,171.042,171.025,1170,1170
241,z04480_y03328_x03072,12,57,0,-1,0,458,253,1.1588,274.972,-11041.8,22.5746,28.3033,19.7446,-2,0,25.7446,3,0,6228.78,439,31.8662,72.4514,0,0
242,z04480_y03328_x03072,12,171,0,-1,0,410,228,1.17547,293.445,-9680.86,23.2654,29.7605,18.7424,-4,-1,24.7424,2,-1,4185.78,428,-99.615,-92.3984,0,0
243,z04480_y03328_x03072,12,53,0,-1,0,237,145,1.64145,236.021,-12213.6,21.9624,25.2306,20.7375,2,2,26.7375,5,2,10535.3,542,170.758,166.561,1328,1328
244,z04480_y03328_x03072,12,172,0,-1,0,211,124,1.05102,305.559,-8212.07,23.9884,30.7161,17.7573,-6,-3,23.7573,0,-3,0,357,-120.936,-119.492,0,0
245,z04480_y03328_x03072,12,74,0,-1,0,71,50,1.01917,315.33,-6597.71,24.7587,31.4869,16.7681,-8,-5,22.7681,-2,-5,-4085.37,300,-66.6748,-66.2855,0,48
246,z04480_y03456_x02560,12,173,0,-1,0,456,252,1.1238,266.188,-7279.55,24.4364,27.6103,17.1761,-4,-4,23.1761,-1,-4,-2058.01,326,-99.645,-99.9938,0,36
247,z04480_y03456_x02560,11,63,0,-1,0,378,211,1.08846,296.805,-19389.5,17.7553,19.2056,19.1848,-4,0,16.1848,-1,0,-1473.59,137,114.912,115.108,0,0
248,z04480_y03456_x02560,12,61,0,-1,0,249,143,1.11534,248.186,-8867.03,23.6687,26.1903,18.1804,-1,-2,24.1804,1,-2,2081.95,394,-123.32,-121.392,0,0
249,z04480_y03456_x02560,12,60,0,-1,0,183,108,1.11489,225.544,-10292.3,22.9576,24.4042,19.189,1,-1,25.189,2,-1,4127.47,402,-44.5765,-46.9409,0,0
250,z04480_y03456_x02560,10,79,0,2,-1,117,74,1.05082,338.549,-21186.7,16.5337,19.688,20.173,-7,0,18.173,2,0,2986.75,196,-0.08502,-6.95156,461,0
251,z04480_y03456_x02688,12,50,0,-1,0,423,235,1.10507,191.632,-11547.4,22.3125,21.7291,20.1335,5,1,26.1335,4,1,8362.05,483,130.014,181.301,1403,1450
252,z04480_y03456_x02688,12,60,0,-1,0,344,193,1.0602,209.337,-10192.2,23.0083,23.1257,19.117,3,-1,25.117,2,-1,4127.47,406,-44.4739,-51.3861,465,420
253,z04480_y03456_x02688,12,46,0,-1,0,239,151,1.43709,167.553,-11563.2,22.3042,19.8296,20.1375,7,1,26.1375,4,1,8365.77,478,124.524,155.524,1286,1324
254,z04480_y03456_x02688,12,61,0,-1,0,155,96,1.05936,234.086,-8776.08,23.7134,25.078,18.1216,0,-3,24.1216,0,-3,0,335,-121.516,-119.723,0,0
255,z04480_y03456_x02688,12,48,0,-1,0,114,71,1.07703,112.489,-12653,21.7283,15.4859,21.1317,12,2,27.1317,5,2,10395.6,513,308.964,244.456,651,255
256,z04480_y03456_x02816,12,48,0,-1,0,491,271,1.35449,104.266,-12557,21.7796,14.8372,21.0068,13,2,27.0068,5,2,10395.6,517,310.714,268.01,2412,1140
257,z04480_y03456_x02816,12,92,0,-1,0,410,228,1.2683,127.637,-12555.1,21.7806,16.6809,21.0012,11,2,27.0012,5,2,10469.5,522,236.026,195.862,2305,1282
258,z04480_y03456_x02816,12,46,0,-1,0,255,146,1.4526,160.744,-11410.5,22.3837,19.2925,19.9943,7,1,25.9943,4,1,8365.77,488,124.671,167.786,1086,1068
259,z04480_y03456_x02816,12,46,0,-1,0,218,130,1.16845,173.204,-11392.5,22.3931,20.2753,19.9974,6,1,25.9974,4,1,8365.77,490,124.533,166.257,1150,1150
260,z04480_y03456_x02816,13,83,1,-1,0,66,50,1.07948,75.4538,-13040.9,21.5195,21.4845,3.91355,-2,0,26.9135,5,0,10332,504,0,91.7642,279,0
261,z04480_y03456_x02816,12,94,0,-1,0,68,49,1.20344,99.0247,-13258.4,21.4016,14.4238,21.9092,14,4,27.9092,7,4,15002.3,599,433.451,335.913,0,0
262,z04480_y03456_x02944,12,46,0,-1,0,71,50,10.6597,165.93,-11334.1,22.4234,19.7015,19.9193,7,1,25.9193,4,1,8365.77,496,124.416,188.145,284,219
263,z04480_y03456_x02944,12,50,0,-1,0,517,284,1.19403,188.651,-11253.9,22.465,21.4939,19.8774,5,0,25.8774,3,0,6141.93,429,118.561,167.67,65,0
264,z04480_y03456_x02944,12,70,0,-1,0,517,283,1.2533,161.558,-12413,21.8565,19.3567,20.8537,8,2,26.8537,5,2,10487.9,532,217.941,197.974,2189,1426
265,z04480_y03456_x02944,12,174,0,-1,0,353,198,1.31526,210.289,-9910.89,23.1501,23.2008,18.8757,2,-1,24.8757,2,-1,4152.95,418,-68.6644,-57.6015,0,0
266,z04480_y03456_x02944,12,175,0,-1,0,385,216,1.14963,148.764,-12423.1,21.851,18.3475,20.8575,9,2,26.8575,5,2,10447.9,526,258.433,210.793,2132,1618
267,z04480_y03456_x02944,12,176,0,-1,0,258,148,1.22247,126.467,-13209.1,21.4284,16.5885,21.8485,12,3,27.8485,6,3,12603.1,561,434.341,336.412,0,0
268,z04480_y03456_x02944,12,61,0,-1,0,151,93,1.1852,238.163,-8417.27,23.8887,25.3996,17.8724,-1,-3,23.8724,0,-3,0,349,-120.839,-119.206,0,0
269,z04480_y03456_x03072,12,177,0,-1,0,389,217,1.02939,294.794,-6697.6,24.7118,29.8669,16.8195,-6,-5,22.8195,-2,-5,-4077.21,297,-74.8367,-74.4477,0,71
270,z04480_y03456_x03072,12,178,0,-1,0,316,178,1.12741,266.116,-8319.16,23.9365,27.6047,17.8144,-3,-3,23.8144,0,-3,0,352,-120.866,-119.326,0,0
271,z04480_y03456_x03072,11,179,0,-1,0,233,134,1.04065,306.149,-18759.5,18.164,19.9427,18.8262,-6,-1,15.8262,-1,0,-1473.59,160,114.979,115.121,0,0
272,z04480_y03456_x03072,12,180,0,-1,0,270,154,1.12496,251.143,-9804.49,23.2035,26.4235,18.8113,-1,-1,24.8113,2,-1,4162.18,423,-77.1355,-68.5451,0,0
273,z04480_y03456_x03072,10,181,0,2,-1,182,106,1.35733,324.628,-20516.7,16.9994,18.5898,19.8248,-6,-1,17.8248,2,0,2986.75,217,-0.17275,-23.9492,903,412
274,z04480_y03456_x03072,12,182,0,-1,0,159,96,1.19114,227.718,-11147.9,22.5198,24.5757,19.8034,2,0,25.8034,3,0,6195.67,436,64.8486,110.902,0,0
275,z04480_y03456_x03072,9,183,0,2,0,154,92,2.54943,333.352,-20516.4,16.9997,18.6064,20.8269,-6,-1,18.8269,3,0,4598.53,260,-0.10407,-13.1777,810,0
276,z04480_y03584_x02560,9,184,0,2,0,457,253,1.12498,346.897,-21125.5,16.5768,19.6749,21.1342,-6,0,19.1342,3,0,4598.53,244,-0.0950298,-8.46207,2195,0
277,z04480_y03584_x02560,10,185,0,2,-1,309,175,1.0847,324.667,-21104,16.5919,18.5929,20.1338,-5,0,18.1338,2,0,2986.75,198,-0.0921117,-7.74466,1734,0
278,z04480_y03584_x02560,11,75,0,-1,0,105,66,1.07385,290.413,-19293.7,17.8181,18.7014,19.1311,-4,0,16.1311,-1,0,-1473.59,141,114.922,115.112,0,0
279,z04480_y03584_x02688,12,82,0,-1,0,378,211,1.39422,244.668,-7130.54,24.5072,25.9128,17.0864,-2,-4,23.0864,-1,-4,-2069.4,329,-91.9821,-91.2541,0,36
280,z04480_y03584_x02688,11,102,0,-1,0,302,172,1.11886,268.543,-19196,17.8818,16.9762,19.0781,-2,0,16.0781,-1,0,-1473.59,146,114.938,115.119,0,0
281,z04480_y03584_x02688,10,186,0,2,-1,350,196,1.15874,291.15,-20977.2,16.6807,15.949,20.0734,-3,0,18.0734,2,0,2986.75,203,-0.110484,-9.80721,1533,0
282,z04480_y03584_x02688,9,187,0,2,0,249,143,1.18924,307.032,-20977.3,16.6807,16.5302,21.0677,-3,-1,19.0677,3,0,4598.53,249,-0.121954,-9.48784,1525,0
283,z04480_y03584_x02688,12,188,0,-1,0,226,131,1.07411,219.196,-8709.33,23.7461,23.9034,18.0762,1,-3,24.0762,0,-3,0,339,-121.095,-119.384,0,0
284,z04480_y03584_x02688,12,80,0,-1,0,75,50,1.81445,203.756,-10170.3,23.0193,22.6854,19.0637,3,-1,25.0637,2,-1,4130.36,410,-47.2223,-33.509,322,316
285,z04480_y03584_x02816,12,82,0,-1,0,330,186,2.40923,239.565,-7001.92,24.5681,25.5102,17,-2,-5,23,-2,-5,-4052.39,288,-99.0955,-98.6046,0,61
286,z04480_y03584_x02816,12,81,0,-1,0,333,187,1.23732,213.106,-8598.52,23.8003,23.423,17.9937,1,-3,23.9937,0,-3,0,343,-120.935,-119.22,0,0
287,z04480_y03584_x02816,11,189,0,-1,0,139,84,1.06944,260.864,-19065.6,17.9666,16.3704,18.9985,-2,-1,15.9985,-1,0,-1473.59,151,114.965,115.128,0,0
288,z04480_y03584_x02816,10,190,0,2,-1,255,146,1.16729,284.521,-20842.7,16.7745,15.4261,19.9974,-3,-1,17.9974,2,0,2986.75,207,-0.134747,-12.6481,1032,0
289,z04480_y03584_x02816,12,80,0,-1,0,331,185,1.37519,196.119,-10075.8,23.067,22.083,18.9918,3,-1,24.9918,2,-1,4130.36,412,-46.9915,-21.3489,143,104
290,z04480_y03584_x02816,9,106,0,2,0,192,113,1.08928,294.711,-20855.9,16.7653,15.5582,21.0034,-2,-1,19.0034,3,0,4598.53,252,-0.10923,-10.7506,1027,0
291,z04480_y03584_x02944,10,120,0,2,-1,419,232,1.35219,300.459,-20712.4,16.8648,16.6833,19.9246,-4,-1,17.9246,2,0,2986.75,208,-0.155684,-16.1426,1964,0
292,z04480_y03584_x02944,11,191,0,-1,0,397,221,1.12095,278.099,-18930,18.0543,17.73,18.9196,-3,-1,15.9196,-1,0,-1473.59,154,114.979,115.132,0,0
293,z04480_y03584_x02944,12,192,0,-1,0,433,240,1.23916,258.019,-6855.85,24.6372,26.9659,16.9123,-3,-5,22.9123,-2,-5,-4064.32,293,-89.0897,-88.668,0,84
294,z04480_y03584_x02944,9,119,0,2,0,355,199,1.71855,311.415,-20709.3,16.8669,16.8759,20.9232,-4,-1,18.9232,3,0,4598.53,254,-0.108575,-11.6954,1922,0
295,z04480_y03584_x02944,12,193,0,-1,0,264,151,1.22342,226.892,-8487.93,23.8543,24.5105,17.9196,0,-3,23.9196,0,-3,0,345,-120.87,-119.186,0,0
296,z04480_y03584_x02944,12,194,0,-1,0,76,50,1.40805,211.448,-9981.78,23.1144,23.2922,18.9298,2,-1,24.9298,2,-1,4146.79,415,-63.0752,-46.6685,0,0
297,z04480_y03584_x02944,14,195,0,-1,0,139,85,1.17787,329.063,-28602.9,10.008,9.16111,30.918,5,0,11.918,2,0,1881.89,52,0,0,0,0
298,z04480_y03584_x03072,14,196,0,-1,0,450,249,1.49402,348.862,-28497.3,10.1308,10.7229,30.8678,3,0,11.8678,2,0,1881.89,54,0,0,0,0
299,z04480_y03584_x03072,9,197,0,2,0,258,150,2.06587,316.968,-20598.1,16.9435,17.314,20.8657,-4,-1,18.8657,3,0,4598.53,258,-0.109649,-12.3025,1189,0
300,z04480_y03584_x03072,10,198,0,2,-1,181,110,2.04588,303.707,-20604,16.9395,16.9395,19.8674,-4,-1,17.8674,2,0,2986.75,213,-0.173046,-19.2016,1041,0
301,z04480_y03584_x03072,11,199,0,-1,0,72,50,1.02474,281.842,-18840,18.1123,18.0252,18.8682,-3,-1,15.8682,-1,0,-1473.59,157,114.984,115.131,0,0
302,z04608_y03072_x02560,1,200,1,0,1,454,258,1.06133,374.431,-29595.8,8.76842,9.36843,32.3802,3,0,9.38018,1,0,789.607,40,-0.00262249,5.29961,8894,0
303,z04608_y03072_x02560,0,137,1,0,0,407,226,1.04167,359.678,-29587.5,8.77951,8.97332,31.3755,3,0,8.37554,0,0,0,32,0.0236785,-1.93846,8365,0
304,z04608_y03072_x02560,7,201,1,0,2,489,269,1.04599,389.136,-29608.6,8.7513,8.7513,33.3876,3,0,10.3876,2,0,1666.55,44,-0.0753917,7.23348,9240,0
305,z04608_y03072_x02560,6,124,1,0,-1,373,208,1.02898,341.804,-29583.7,8.7846,9.26709,30.3715,3,0,7.37152,-1,0,-691.298,25,0.0210091,-2.31069,7821,0
306,z04608_y03072_x02560,2,134,1,0,-2,283,161,1.02963,327.769,-29592.1,8.77341,8.28153,29.3725,3,0,6.37251,-2,0,-1298.57,13,-0.00432688,-2.75895,6387,0
307,z04608_y03072_x02560,15,202,0,-1,0,384,215,1.03822,409.976,-38932.5,32.4587,32.4587,33.3853,1,-1,32.3853,0,0,0,2,0,0,0,0
308,z04608_y03072_x02560,3,132,0,-1,0,197,116,1.03648,314.749,-25403.3,13.2281,12.091,28.3741,4,0,13.3741,0,0,0,66,-118.975,-118.99,0,0
309,z04608_y03072_x02688,2,203,1,0,-2,442,244,1.06016,312.518,-29719.1,8.60192,7.0785,29.4353,5,0,6.4353,-2,0,-1298.57,7,-0.0189823,-2.65909,6339,0
310,z04608_y03072_x02688,6,204,1,0,-1,417,232,1.09068,326.743,-29722.9,8.59669,8.07903,30.4375,5,0,7.43752,-1,0,-691.298,20,0.0285037,-2.38152,5937,0
311,z04608_y03072_x02688,3,205,0,-1,0,426,236,1.04505,292.271,-25511.8,13.132,10.3178,28.4294,5,0,13.4294,0,0,0,63,-118.952,-118.967,0,0
312,z04608_y03072_x02688,4,206,1,1,1,451,249,1.05761,274.652,-23524,14.7936,11.376,27.4236,6,0,15.4236,1,0,1310.95,101,-109.554,-109.453,2143,0
313,z04608_y03072_x02688,5,207,1,1,0,376,211,1.07656,258.417,-23526.6,14.7916,10.4618,26.4275,6,0,14.4275,0,0,0,83,-109.558,-109.454,2077,0
314,z04608_y03072_x02688,0,124,1,0,0,344,194,1.02453,340.276,-29723,8.59657,7.44278,31.4366,5,0,8.43664,0,0,0,27,0.0229389,-1.78932,5222,0
315,z04608_y03072_x02688,8,208,1,2,2,192,115,1.06596,235.569,-21697.6,16.1695,11.5683,23.4357,5,0,21.4357,5,0,8014.25,275,0.0774994,6.28385,1328,0
316,z04608_y03072_x02688,1,137,1,0,1,214,125,1.03079,354.957,-29707.8,8.61728,7.83226,32.4287,4,0,9.4287,1,0,789.607,36,0.0299509,-0.988775,3545,0
317,z04608_y03072_x02816,8,209,1,2,2,455,251,1.08518,251.301,-21800,16.0954,12.8093,23.5013,3,0,21.5013,5,0,8014.25,272,0.0796541,6.28486,4546,0
318,z04608_y03072_x02816,5,210,1,1,0,449,248,1.07657,278.111,-23655.2,14.6897,12.0153,26.5026,4,0,14.5026,0,0,0,78,-109.554,-109.449,2321,0
319,z04608_y03072_x02816,9,211,0,2,0,470,259,1.08188,235.167,-21798.4,16.0966,10.8611,21.5051,3,0,19.5051,3,0,4598.53,229,0.133071,7.93087,4586,0
320,z04608_y03072_x02816,4,131,1,1,1,440,244,1.03675,294.594,-23662.7,14.6838,12.9491,27.5016,4,0,15.5016,1,0,1310.95,96,-109.552,-109.452,2310,0
321,z04608_y03072_x02816,10,212,0,2,-1,324,184,1.07002,224.444,-21744.1,16.1359,10.6869,20.5123,3,1,18.5123,2,0,2986.75,174,0.0451526,5.71838,2880,0
322,z04608_y03072_x02816,3,132,0,-1,0,414,229,1.03968,312.888,-25638,13.0192,11.9442,28.495,4,0,13.495,0,0,0,59,-118.966,-118.981,0,0
323,z04608_y03072_x02816,2,213,1,0,-2,138,93,1.05237,321.072,-29816,8.46859,7.7533,29.4835,4,0,6.48351,-2,0,-1298.57,6,-0.0224801,-2.58029,354,0
324,z04608_y03072_x02816,6,214,1,0,-1,75,55,1.09873,331.849,-29806.4,8.48186,8.48186,30.479,4,0,7.47896,-1,0,-691.298,17,0.055488,-2.48794,324,0
325,z04608_y03072_x02944,8,215,1,2,2,323,182,1.10997,319.259,-21938.8,15.9946,18.1701,23.568,-2,0,21.568,5,0,8014.25,267,0.0997969,6.76437,3133,0
326,z04608_y03072_x02944,10,216,0,2,-1,278,159,1.12009,279.319,-21861,16.0512,15.0157,20.5753,-2,1,18.5753,2,0,2986.75,172,0.0238343,6.24009,3351,0
327,z04608_y03072_x02944,9,217,0,2,0,300,170,1.09564,300.325,-21929.8,16.0011,16.0011,21.5722,-2,1,19.5722,3,0,4598.53,224,0.117089,9.3919,3093,0
328,z04608_y03072_x02944,11,218,0,-1,0,245,141,1.28186,259.521,-20010.9,17.3427,16.2645,19.5898,-1,1,16.5898,-1,0,-1473.59,116,114.886,115.152,0,0
329,z04608_y03072_x02944,5,219,1,1,0,385,214,1.08802,341.315,-23785,14.5863,17.0011,26.5615,0,0,14.5615,0,0,0,75,-109.555,-109.445,1441,0
330,z04608_y03072_x02944,4,220,1,1,1,266,154,1.05265,343.315,-23777.6,14.5922,16.7924,27.5546,0,0,15.5546,1,0,1310.95,95,-109.553,-109.451,1407,0
331,z04608_y03072_x03072,10,221,0,2,-1,277,159,1.1302,351.653,-21995.2,15.9534,20.7217,20.63,-7,1,18.63,2,0,2986.75,165,-0.00957035,6.68144,2723,0
332,z04608_y03072_x03072,9,222,0,2,0,262,150,1.06793,373.137,-22055.2,15.9095,21.7448,21.6182,-8,1,19.6182,3,0,4598.53,221,0.0903297,10.8076,2030,11
333,z04608_y03072_x03072,8,223,1,2,2,155,92,1.09205,397.978,-22065.1,15.9023,24.3798,23.6139,-8,0,21.6139,5,0,8014.25,264,0.148979,7.23458,1682,0
334,z04608_y03072_x03072,11,224,0,-1,0,98,62,1.21019,304.908,-20091.8,17.2883,19.8448,19.6252,-5,1,16.6252,-1,0,-1473.59,115,114.881,115.151,0,0
335,z04608_y03072_x03072,5,225,1,1,0,179,108,1.1181,412.778,-23913.5,14.4832,22.6384,26.6055,-6,0,14.6055,0,0,0,72,-109.556,-109.448,290,0
336,z04608_y03072_x03072,4,226,1,1,1,72,49,1.08231,394.02,-23884.9,14.5062,20.7923,27.5947,-4,0,15.5947,1,0,1310.95,93,-109.553,-109.451,269,0
337,z04608_y03200_x02560,8,227,1,2,2,452,250,1.09362,279.271,-21514.6,16.3009,15.0157,23.3265,1,0,21.3265,5,0,8014.25,285,0.137151,5.55637,3840,0
338,z04608_y03200_x02560,5,228,1,1,0,441,244,1.04158,296.412,-23370.8,14.914,13.459,26.341,3,0,14.341,0,0,0,88,-109.602,-109.501,2135,0
339,z04608_y03200_x02560,4,127,1,1,1,395,219,1.04297,308.836,-23369.8,14.9147,14.0726,27.3439,3,0,15.3439,1,0,1310.95,106,-109.557,-109.457,2135,0
340,z04608_y03200_x02560,9,135,0,2,0,170,101,1.04119,253.949,-21519.7,16.2972,12.3427,21.3204,1,0,19.3204,3,0,4598.53,239,0.118449,5.92765,2307,0
341,z04608_y03200_x02560,3,125,0,-1,0,213,124,1.02619,340.592,-25332.1,13.2907,14.1296,28.3416,1,0,13.3416,0,0,0,70,-118.983,-118.999,0,0
342,z04608_y03200_x02560,10,136,0,2,-1,137,84,1.04228,238.39,-21470,16.3327,11.787,20.3185,1,0,18.3185,2,0,2986.75,188,-0.058501,3.98068,1495,0
343,z04608_y03200_x02560,2,137,1,0,-2,96,62,1.03546,355.262,-29517.4,8.87268,10.4504,29.3407,1,0,6.34072,-2,0,-1298.57,16,-0.00103784,-3.53752,874,0
344,z04608_y03200_x02560,11,155,0,-1,0,76,53,1.21202,227.523,-19626.2,17.5993,13.7403,19.3154,1,0,16.3154,-1,0,-1473.59,132,114.838,115.064,0,0
345,z04608_y03200_x02688,11,229,0,-1,0,428,238,1.15436,192.08,-19725.3,17.5336,10.9444,19.3857,4,0,16.3857,-1,0,-1473.59,127,114.8,115.038,0,0
346,z04608_y03200_x02688,10,230,0,2,-1,422,234,1.11114,208.624,-21588.9,16.2476,9.43893,20.399,4,0,18.399,2,0,2986.75,181,0.0146878,4.77593,4232,0
347,z04608_y03200_x02688,9,231,0,2,0,309,174,1.07465,226.623,-21637,16.2131,10.1872,21.3948,3,0,19.3948,3,0,4598.53,234,0.151716,6.26194,3341,0
348,z04608_y03200_x02688,12,232,0,-1,0,441,244,1.09899,169.018,-7579.62,24.2931,19.9452,17.3734,4,-4,23.3734,-1,-4,-2048.85,314,-108.327,-108.203,0,72
349,z04608_y03200_x02688,12,233,0,-1,0,317,179,1.14443,153.928,-9133.76,23.5373,18.7548,18.3757,6,-2,24.3757,1,-2,2070.24,382,-113.932,-110.888,0,0
350,z04608_y03200_x02688,8,209,1,2,2,223,129,1.10317,246.4,-21622.4,16.2236,12.4227,23.3878,4,0,21.3878,5,0,8014.25,279,0.0873978,5.83174,2341,0
351,z04608_y03200_x02688,12,158,0,-1,0,137,85,1.27715,126.122,-11801.8,22.1794,16.5613,20.3794,11,1,26.3794,4,1,8316.06,464,173.053,184.053,260,260
352,z04608_y03200_x02816,12,158,0,-1,0,511,282,1.42975,124.685,-11899.8,22.128,16.448,20.5033,11,1,26.5033,4,1,8316.06,457,170.937,179.449,30,30
353,z04608_y03200_x02816,12,234,0,-1,0,439,244,26.7807,139.493,-10635.8,22.7829,17.6161,19.5068,9,0,25.5068,3,0,6263.85,452,-0.945287,28.1755,0,0
354,z04608_y03200_x02816,12,235,0,-1,0,468,258,1.10628,151.463,-9255.9,23.4769,18.5603,18.5044,7,-2,24.5044,1,-2,2061.51,377,-105.734,-102.272,0,0
355,z04608_y03200_x02816,12,236,0,-1,0,455,251,1.13123,170.555,-7715.86,24.2278,20.0664,17.5035,4,-4,23.5035,-1,-4,-2039.99,308,-117.151,-116.975,0,115
356,z04608_y03200_x02816,11,237,0,-1,0,322,181,1.12294,189.108,-19858.1,17.4451,10.71,19.4948,5,0,16.4948,-1,0,-1473.59,123,114.789,115.039,0,0
357,z04608_y03200_x02816,12,48,0,-1,0,258,149,1.25793,104.008,-12890.1,21.6009,14.8169,21.5234,13,3,27.5234,6,3,12733.9,579,304.543,232.554,717,348
358,z04608_y03200_x02816,10,238,0,2,-1,73,50,1.05907,203.536,-21675.2,16.1856,9.0376,20.4645,4,0,18.4645,2,0,2986.75,178,0.0668887,4.91044,732,0
359,z04608_y03200_x02816,12,66,0,-1,0,65,50,1.30606,91.3745,-12799.8,21.6495,13.8203,21.5256,14,3,27.5256,6,3,12682.2,584,354.804,295.716,382,361
360,z04608_y03200_x02944,12,239,0,-1,0,278,158,1.20218,184.663,-12039.2,22.0545,21.1793,20.6271,6,2,26.6271,5,2,10557.1,556,155.475,157.385,1560,1516
361,z04608_y03200_x02944,12,163,0,-1,0,310,175,1.26932,195.363,-12034.9,22.0568,22.0234,20.6159,5,2,26.6159,5,2,10558.1,558,151.928,185.441,1516,1516
362,z04608_y03200_x02944,12,240,0,-1,0,240,138,1.58983,203.594,-10762.6,22.718,22.6727,19.6067,3,0,25.6067,3,0,6247.05,449,14.8869,48.2095,0,0
363,z04608_y03200_x02944,12,241,0,-1,0,348,195,1.15669,220.089,-9389.54,23.4106,23.9739,18.6021,1,-2,24.6021,1,-2,2055.78,371,-100.766,-96.6381,0,0
364,z04608_y03200_x02944,12,242,0,-1,0,340,193,1.25073,231.297,-7848.1,24.1643,24.858,17.5962,-1,-4,23.5962,-1,-4,-2034.5,304,-122.313,-122.054,0,49
365,z04608_y03200_x02944,11,14,0,-1,0,91,63,1.15234,230.747,-19987.7,17.3583,13.9946,19.5858,1,1,16.5858,-1,0,-1473.59,120,114.842,115.093,0,0
366,z04608_y03200_x02944,12,243,0,-1,0,88,57,1.35965,129.716,-12973.5,21.556,16.8448,21.6182,11,3,27.6182,6,3,12669.3,572,368.908,271.919,843,331
367,z04608_y03200_x03072,12,171,0,-1,0,419,234,1.51218,297.294,-9531.22,23.3401,30.0641,18.6717,-5,-2,24.6717,1,-2,2049.69,367,-95.7606,-90.7386,0,0
368,z04608_y03200_x03072,12,57,0,-1,0,342,192,1.12383,279.071,-10900,22.6476,28.6266,19.6752,-3,0,25.6752,3,0,6228.78,442,32.1621,71.7242,0,0
369,z04608_y03200_x03072,12,244,0,-1,0,460,254,1.12983,312.021,-7983.39,24.0991,31.2258,17.6593,-7,-3,23.6593,0,-3,0,362,-122.208,-121.891,0,0
370,z04608_y03200_x03072,11,151,0,-1,0,290,166,1.11157,334.629,-20158.8,17.243,22.1893,19.6555,-7,1,16.6555,-1,0,-1473.59,111,114.917,115.191,0,0
371,z04608_y03200_x03072,12,53,0,-1,0,109,68,1.10999,240.342,-12134.7,22.0041,25.5715,20.6797,2,2,26.6797,5,2,10535.3,546,171.68,192.484,549,505
372,z04608_y03200_x03072,12,53,0,-1,0,70,50,1.28441,222.112,-12128.4,22.0074,24.1334,20.6859,3,2,26.6859,5,2,10535.3,548,172.789,184.632,327,327
373,z04608_y03200_x03072,10,149,0,2,-1,68,50,1.04896,370.211,-22065.7,15.9018,22.1856,20.6601,-9,1,18.6601,2,0,2986.75,163,-0.0203555,6.95095,515,0
374,z04608_y03328_x02560,11,245,0,-1,0,401,223,1.16052,265.986,-19531.1,17.6622,16.7745,19.2616,-1,0,16.2616,-1,0,-1473.59,134,114.891,115.097,0,0
375,z04608_y03328_x02560,10,246,0,2,-1,461,254,1.1008,284.626,-21364.3,16.408,15.4343,20.2619,-2,0,18.2619,2,0,2986.75,192,-0.0235125,0.965456,699,0
376,z04608_y03328_x02560,12,247,0,-1,0,377,210,1.20132,240.154,-7418.39,24.3702,25.5567,17.261,-1,-4,23.261,-1,-4,-2057.98,320,-99.1163,-99.0765,0,55
377,z04608_y03328_x02560,12,248,0,-1,0,264,151,1.20136,218.754,-8971.1,23.6176,23.8686,18.2484,1,-2,24.2484,1,-2,2077.66,389,-119.888,-117.629,0,0
378,z04608_y03328_x02560,9,249,0,2,0,203,119,1.04762,297.941,-21429.7,16.3614,15.813,21.2748,-2,0,19.2748,3,0,4598.53,241,0.0968351,4.82292,1490,0
379,z04608_y03328_x02560,12,250,0,-1,0,72,50,1.10706,199.739,-10345.6,22.9305,22.3686,19.225,3,-1,25.225,2,-1,4115.02,400,-32.3878,-31.6783,0,0
380,z04608_y03328_x02688,12,47,0,-1,0,449,249,1.2062,158.928,-11703.6,22.2309,19.1492,20.2713,8,1,26.2713,4,1,8316.74,472,173.477,208.871,2106,2099
381,z04608_y03328_x02688,12,157,0,-1,0,435,241,1.14813,171.429,-10418.3,22.8937,20.1354,19.2797,6,-1,25.2797,2,-1,4108.64,397,-26.4456,-21.4935,0,0
382,z04608_y03328_x02688,12,158,0,-1,0,416,233,1.56636,127.338,-11720,22.2223,16.6573,20.276,10,1,26.276,4,1,8316.06,468,172.891,186.79,2330,2329
383,z04608_y03328_x02688,12,83,0,-1,0,230,133,1.85901,80.7998,-12726.9,21.6887,12.9861,21.2359,15,3,27.2359,6,3,12735.3,594,304.715,256.324,1244,1313
384,z04608_y03328_x02688,12,156,0,-1,0,123,77,1.13422,179.688,-9051.32,23.578,20.7869,18.3031,4,-2,24.3031,1,-2,2070.25,385,-113.35,-110.645,0,0
385,z04608_y03328_x02688,12,154,0,-1,0,72,50,1.13917,190.425,-7499.64,24.3314,21.6339,17.3061,2,-4,23.3061,-1,-4,-2048.94,317,-108.316,-108.223,0,49
386,z04608_y03328_x02816,12,170,0,-1,0,399,223,1.23915,58.3402,-12696.3,21.7051,11.2144,21.2968,17,3,27.2968,6,3,12717,595,316.789,282.701,1807,1508
387,z04608_y03328_x02816,12,83,0,-1,0,193,115,1.16556,71.9023,-12807.6,21.6453,12.2843,21.3887,16,3,27.3887,6,3,12735.3,587,303.152,254.762,352,248
388,z04608_y03328_x02816,12,170,0,-1,0,105,68,1.23019,61.5938,-12997.5,21.543,11.4711,21.8101,17,3,27.8101,6,3,12717,573,320.003,236.312,808,634
389,z04608_y03328_x02816,13,83,1,-1,0,64,49,1.16785,73.5047,-13015.4,21.5333,21.3307,3.84928,-1,0,26.8493,5,0,10332,505,0,91.8728,347,0
390,z04608_y03328_x02944,12,66,0,-1,0,215,126,1.11777,89.9301,-12928.6,21.5802,13.7064,21.6791,15,3,27.6791,6,3,12682.2,575,355.157,290.779,1078,545
391,z04608_y03328_x02944,13,66,1,-1,0,81,53,1.09762,87.8427,-12976.6,21.5543,22.4618,3.78061,-3,0,26.7806,5,0,10332,509,0,91.9314,752,0
392,z04608_y03328_x02944,12,251,0,-1,0,394,220,1.39564,160.097,-13080.5,21.4981,19.2414,21.7295,9,3,27.7295,6,3,12639.3,565,398.577,288.433,1018,21
393,z04608_y03328_x03072,12,252,0,-1,0,353,198,1.21469,298.416,-11032.6,22.5793,30.1526,19.7456,-4,0,25.7456,3,0,6211.09,438,49.4601,94.6954,0,0
394,z04608_y03328_x03072,12,253,0,-1,0,296,168,1.31388,260.7,-12223.4,21.9572,27.1774,20.738,0,2,26.738,5,2,10491.9,538,214.68,196.808,1362,1684
395,z04608_y03328_x03072,12,53,0,-1,0,277,162,1.17148,244.699,-12210.4,21.964,25.9152,20.7362,1,2,26.7362,5,2,10535.3,543,171.403,171.291,1540,1022
396,z04608_y03328_x03072,12,35,0,-1,0,279,161,1.67811,307.245,-9696.36,23.2576,30.8491,18.7542,-5,-1,24.7542,2,-1,4186.22,427,-100.101,-92.5727,0,0
397,z04608_y03328_x03072,12,254,0,-1,0,92,59,1.12288,312.287,-8220.63,23.9843,31.2469,17.763,-7,-3,23.763,0,-3,0,356,-120.864,-119.313,0,0
398,z04608_y03328_x03072,12,255,0,-1,0,76,50,1.14164,316.648,-6596.55,24.7593,31.5908,16.7677,-8,-5,22.7677,-2,-5,-4085.42,302,-66.6273,-66.2433,0,0
399,z04608_y03456_x02560,11,75,0,-1,0,432,239,1.12963,283.484,-19382,17.7602,18.1548,19.1801,-3,0,16.1801,-1,0,-1473.59,140,114.914,115.108,0,0
400,z04608_y03456_x02560,12,167,0,-1,0,427,236,1.22207,254.295,-7280.88,24.4357,26.6721,17.1766,-3,-4,23.1766,-1,-4,-2057.96,324,-98.9724,-98.9645,0,0
401,z04608_y03456_x02560,10,185,0,2,-1,285,164,1.13928,331.507,-21212.9,16.5152,19.1325,20.186,-6,0,18.186,2,0,2986.75,194,-0.0665331,-4.74075,439,0
402,z04608_y03456_x02560,12,61,0,-1,0,297,168,1.21806,239.306,-8868.52,23.668,25.4898,18.1799,-1,-2,24.1799,1,-2,2081.95,393,-123.458,-121.429,0,0
403,z04608_y03456_x02560,12,60,0,-1,0,117,71,1.13267,219.31,-10287.6,22.96,23.9124,19.1835,2,-1,25.1835,2,-1,4127.47,403,-44.3847,-45.4704,0,0
404,z04608_y03456_x02688,12,50,0,-1,0,377,212,1.12711,194.06,-11548.1,22.3121,21.9206,20.1325,5,1,26.1325,4,1,8362.05,482,129.407,166.418,1302,1250
405,z04608_y03456_x02688,12,60,0,-1,0,218,128,1.08134,220.699,-10203.4,23.0026,24.0219,19.1227,2,-1,25.1227,2,-1,4127.47,405,-44.3016,-49.8127,645,645
406,z04608_y03456_x02688,12,46,0,-1,0,226,143,2.43753,173.294,-11526.7,22.3233,20.2825,20.096,6,1,26.096,4,1,8365.77,484,124.744,164.751,1228,1209
407,z04608_y03456_x02688,12,48,0,-1,0,94,60,1.17311,107.076,-12648.6,21.7307,15.0589,21.1203,13,2,27.1203,5,2,10395.6,514,309.036,245.436,605,38
408,z04608_y03456_x02688,12,61,0,-1,0,79,53,1.05656,240.885,-8791.24,23.706,25.6144,18.1295,-1,-3,24.1295,0,-3,0,334,-121.697,-119.888,0,0
409,z04608_y03456_x02816,12,175,0,-1,0,435,243,1.71979,146.281,-12553.4,21.7816,18.1516,21.0043,9,2,27.0043,5,2,10447.9,521,257.938,214.97,2060,1279
410,z04608_y03456_x02816,12,48,0,-1,0,412,240,2.25173,113.688,-12554.5,21.7809,15.5805,21.0086,12,2,27.0086,5,2,10395.6,519,310.829,251.741,2158,1317
411,z04608_y03456_x02816,12,46,0,-1,0,80,58,3.25458,177.599,-11449,22.3637,20.6221,20.0288,6,1,26.0288,4,1,8365.77,486,124.649,185.193,493,277
412,z04608_y03456_x02816,13,66,1,-1,0,108,69,1.10213,94.4545,-13052.3,21.5134,22.9833,3.90052,-3,0,26.9005,5,0,10332,503,0,92.0942,681,0
413,z04608_y03456_x02944,12,256,0,-1,0,350,200,1.2238,218.619,-11246.6,22.4688,23.8579,19.8776,3,0,25.8776,3,0,6171.92,431,88.7602,150.271,1,0
414,z04608_y03456_x02944,12,257,0,-1,0,477,269,1.23138,180.316,-12420.1,21.8527,20.8364,20.8693,7,2,26.8693,5,2,10466.6,529,239.82,201.39,2018,1926
415,z04608_y03456_x02944,12,55,0,-1,0,451,249,1.26437,158.575,-13200.5,21.4331,19.1214,21.8515,9,3,27.8515,6,3,12642.2,563,395.604,294.711,0,21
416,z04608_y03456_x02944,12,257,0,-1,0,356,211,1.77499,185.233,-12434.4,21.845,21.2243,20.8842,6,2,26.8842,5,2,10466.6,527,239.617,209.841,1955,1926
417,z04608_y03456_x02944,12,258,0,-1,0,127,80,1.03915,237.972,-9895.03,23.158,25.3845,18.872,0,-1,24.872,2,-1,4154.33,420,-69.711,-59.9279,0,0
418,z04608_y03456_x02944,12,259,0,-1,0,70,50,1.03444,250.732,-8409.41,23.8926,26.3911,17.8697,-2,-3,23.8697,0,-3,0,350,-120.635,-118.816,0,0
419,z04608_y03456_x03072,12,260,0,-1,0,529,289,1.31793,284.628,-8316.38,23.9378,29.065,17.8157,-5,-3,23.8157,0,-3,0,353,-120.821,-119.204,0,0
420,z04608_y03456_x03072,12,261,0,-1,0,454,251,1.13963,271.068,-9806.45,23.2025,27.9953,18.8166,-3,-1,24.8166,2,-1,4162.01,422,-76.846,-68.4773,0,0
421,z04608_y03456_x03072,12,262,0,-1,0,334,188,1.11622,252.951,-11148.9,22.5193,26.5661,19.8107,0,0,25.8107,3,0,6184.86,434,75.4334,128.105,0,0
422,z04608_y03456_x03072,12,53,0,-1,0,251,146,1.17511,239.133,-12323.1,21.9043,25.4761,20.8036,2,2,26.8036,5,2,10535.3,536,171.136,160.303,512,1063
423,z04608_y03456_x03072,11,263,0,-1,0,121,78,10.7455,336.922,-18733.4,18.1807,22.3702,18.8281,-8,-1,15.8281,-1,0,-1473.59,162,115.028,115.161,0,0
424,z04608_y03456_x03072,12,53,0,-1,0,56,47,1.19095,239.232,-12310.1,21.9111,25.484,20.798,2,2,26.798,5,2,10535.3,537,171.143,156.132,451,679
425,z04608_y03584_x02560,9,264,0,2,0,394,220,1.34109,362.227,-21115.9,16.5835,20.8842,21.1293,-7,0,19.1293,3,0,4598.53,247,-0.0677978,-6.96279,2132,0
426,z04608_y03584_x02560,10,79,0,2,-1,346,194,1.05296,331.39,-21094.5,16.5986,19.1233,20.1285,-6,0,18.1285,2,0,2986.75,199,-0.0802872,-6.6485,1693,0
427,z04608_y03584_x02560,11,265,0,-1,0,115,75,1.05978,284.547,-19289,17.8212,18.2386,19.1285,-3,0,16.1285,-1,0,-1473.59,143,114.928,115.114,0,0
428,z04608_y03584_x02688,12,167,0,-1,0,367,206,1.10044,257.362,-7134.98,24.5051,26.9141,17.0874,-3,-4,23.0874,-1,-4,-2057.96,330,-97.5551,-97.1988,0,0
429,z04608_y03584_x02688,11,75,0,-1,0,410,233,1.27335,279.105,-19193.9,17.8832,17.8093,19.0759,-3,0,16.0759,-1,0,-1473.59,147,114.945,115.126,0,0
430,z04608_y03584_x02688,12,61,0,-1,0,321,182,1.04912,235.319,-8720.09,23.7408,25.1752,18.0809,0,-3,24.0809,0,-3,0,337,-121.3,-119.546,0,0
431,z04608_y03584_x02688,10,185,0,2,-1,379,211,1.11161,318.048,-20975.3,16.6821,18.0708,20.0695,-5,0,18.0695,2,0,2986.75,204,-0.0971318,-8.59585,782,0
432,z04608_y03584_x02688,12,60,0,-1,0,154,93,1.02336,213.493,-10181.1,23.0139,23.4535,19.0703,2,-1,25.0703,2,-1,4127.47,409,-44.2716,-28.4412,645,645
433,z04608_y03584_x02688,9,266,0,2,0,139,87,1.19261,333.766,-20997.6,16.6665,18.6391,21.0743,-5,-1,19.0743,3,0,4598.53,248,-0.0986617,-8.27929,782,0
434,z04608_y03584_x02688,12,50,0,-1,0,72,50,1.25006,199.574,-11464.8,22.3555,22.3555,20.0596,4,1,26.0596,4,1,8362.05,485,129.405,166.394,179,208
435,z04608_y03584_x02816,12,256,0,-1,0,460,253,1.26264,202.619,-11396,22.3913,22.5958,19.9977,4,1,25.9977,4,1,8402.04,493,89.5665,151.358,1594,1027
436,z04608_y03584_x02816,12,50,0,-1,0,184,108,1.24292,191.108,-11396,22.3913,21.6877,19.9862,5,1,25.9862,4,1,8362.05,489,129.553,186.839,1321,962
437,z04608_y03584_x02816,12,60,0,-1,0,407,226,1.16967,222.69,-10080.5,23.0647,24.1791,18.9977,1,-1,24.9977,2,-1,4127.47,411,-44.0226,-34.1724,0,0
438,z04608_y03584_x02816,12,61,0,-1,0,401,223,1.14238,235.595,-8605.09,23.7971,25.197,18.0003,-1,-3,24.0003,0,-3,0,340,-121.168,-119.433,0,0
439,z04608_y03584_x02816,12,192,0,-1,0,309,177,1.10197,254.157,-6999.36,24.5694,26.6613,16.999,-3,-5,22.999,-2,-5,-4064.32,286,-91.2396,-90.846,0,0
440,z04608_y03584_x02816,11,191,0,-1,0,414,229,1.42651,281.131,-19061.6,17.9692,17.9692,18.9993,-3,-1,15.9993,-1,0,-1473.59,152,114.977,115.135,0,0
441,z04608_y03584_x02816,10,120,0,2,-1,72,50,1.13444,303.099,-20864.1,16.7596,16.8915,20.0113,-4,-1,18.0113,2,0,2986.75,205,-0.130803,-13.3348,0,0
442,z04608_y03584_x02944,12,256,0,-1,0,71,50,1.5133,207.732,-11324.9,22.4282,22.9991,19.9357,4,1,25.9357,4,1,8402.04,498,89.5867,154.785,373,373
443,z04608_y03584_x02944,12,256,0,-1,0,152,94,1.58497,216.449,-11312.8,22.4345,23.6867,19.9284,3,1,25.9284,4,1,8402.04,499,89.4727,172.907,335,334
444,z04608_y03584_x02944,12,267,0,-1,0,430,238,1.95975,283.428,-6868.22,24.6314,28.9703,16.9222,-6,-5,22.9222,-2,-5,-4063.31,292,-91.2204,-90.8496,0,56
445,z04608_y03584_x02944,12,268,0,-1,0,444,245,1.16061,252.895,-8476.87,23.8597,26.5617,17.9142,-2,-3,23.9142,0,-3,0,347,-120.836,-119.084,0,0
446,z04608_y03584_x02944,11,179,0,-1,0,439,243,1.97703,304.522,-18936,18.0504,19.8143,18.9254,-5,-1,15.9254,-1,0,-1473.59,153,114.991,115.137,0,0
447,z04608_y03584_x02944,12,269,0,-1,0,327,185,1.1241,235.242,-9970.12,23.1203,25.1692,18.9228,0,-1,24.9228,2,-1,4147.81,416,-63.6645,-53.4618,0,0
448,z04608_y03584_x02944,10,181,0,2,-1,173,107,2.02337,329.424,-20705.8,16.8693,18.9682,19.9196,-6,-1,17.9196,2,0,2986.75,209,-0.179761,-18.7657,462,0
449,z04608_y03584_x02944,9,270,0,2,0,75,50,1.13583,342.719,-20694.3,16.8772,19.3453,20.914,-6,-1,18.914,3,0,4598.53,255,-0.113224,-12.1303,418,0
450,z04608_y03584_x03072,10,271,0,2,-1,486,269,1.87439,352.54,-20595.7,16.9452,20.7917,19.8685,-8,-1,17.8685,2,0,2986.75,215,-0.209252,-18.5337,2374,11
451,z04608_y03584_x03072,9,272,0,2,0,463,256,1.4495,371.706,-20596.3,16.9448,21.6319,20.8724,-8,-1,18.8724,3,0,4598.53,259,-0.116711,-12.4691,2418,0
452,z04608_y03584_x03072,11,263,0,-1,0,367,206,4.39933,323.394,-18821.7,18.1241,21.3031,18.8674,-7,-1,15.8674,-1,0,-1473.59,158,115.008,115.148,0,0
453,z04608_y03584_x03072,12,273,0,-1,0,166,101,2.36333,311.358,-6766.72,24.6792,31.1735,16.8664,-7,-5,22.8664,-2,-5,-4071.59,295,-83.0611,-82.7097,0,56
454,z04608_y03584_x03072,14,274,0,-1,0,216,127,1.88571,388.678,-28501.7,10.1258,13.8638,30.8743,0,0,11.8743,2,0,1881.89,53,0,0,0,0
455,z04736_y03072_x02560,1,137,1,0,1,482,269,1.22241,356.007,-29585.6,8.78203,7.91511,32.3739,4,0,9.37391,1,0,789.607,41,0.128617,-11.6317,10595,2245
456,z04736_y03072_x02560,1,275,1,0,1,422,236,1.39052,367.289,-29583.4,8.785,8.80509,32.3739,3,0,9.37387,1,0,789.607,42,-0.041018,29.1249,9757,2245
457,z04736_y03072_x02560,7,276,1,0,2,449,251,1.17113,372.433,-29600.6,8.762,7.43368,33.3822,4,0,10.3822,2,0,1666.55,46,-0.0794136,7.58141,10205,0
458,z04736_y03072_x02560,6,204,1,0,-1,240,139,1.36151,325.427,-29586.3,8.78119,7.97524,30.3699,5,0,7.36994,-1,0,-691.298,24,0.0231612,-2.3492,6587,0
459,z04736_y03072_x02560,2,203,1,0,-2,195,115,1.33846,312.152,-29600.9,8.76165,7.04963,29.3745,5,0,6.37445,-2,0,-1298.57,11,-0.0201201,-2.74225,5598,0
460,z04736_y03072_x02560,0,124,1,0,0,455,251,1.14453,344.104,-29582.4,8.78636,7.74473,31.3718,4,0,8.37183,0,0,0,33,0.0220577,-1.97884,10213,0
461,z04736_y03072_x02560,15,277,0,-1,0,462,255,1.13822,393.117,-38943.4,31.1287,31.1287,33.3878,2,0,32.3878,0,0,0,1,0,0,0,0
462,z04736_y03072_x02560,3,278,0,-1,0,115,73,1.07458,300.853,-25411.9,13.2204,10.9947,28.376,5,0,13.376,0,0,0,65,-118.959,-118.974,0,0
463,z04736_y03072_x02688,2,279,1,0,-2,501,275,1.1375,296.733,-29703.9,8.62258,5.83335,29.4278,6,0,6.42776,-2,0,-1298.57,9,-0.0183984,-2.67135,8718,0
464,z04736_y03072_x02688,6,203,1,0,-1,238,140,1.17199,305.656,-29739.6,8.5738,6.41557,30.4457,6,0,7.44575,-1,0,-691.298,19,0.0228386,-2.44853,5224,0
465,z04736_y03072_x02688,0,280,1,0,0,487,268,1.22248,326.905,-29717.1,8.60461,6.38799,31.4335,6,0,8.43346,0,0,0,28,0.0251255,-2.05272,8546,0
466,z04736_y03072_x02688,3,281,0,-1,0,426,236,1.07541,282.545,-25506.5,13.1366,9.55057,28.4262,6,0,13.4262,0,0,0,64,-118.943,-118.958,0,0
467,z04736_y03072_x02688,4,282,1,1,1,437,241,1.10741,268.369,-23522.7,14.7946,10.8804,27.4225,6,0,15.4225,1,0,1310.95,102,-109.555,-109.454,2200,0
468,z04736_y03072_x02688,1,124,1,0,1,455,252,1.20593,335.19,-29725.2,8.59358,6.27297,32.4362,6,0,9.43615,1,0,789.607,35,0.123184,-4.34362,8173,0
469,z04736_y03072_x02688,5,283,1,1,0,357,199,1.10823,258.428,-23524.9,14.7929,10.4626,26.4256,6,0,14.4256,0,0,0,84,-109.564,-109.461,2029,0
470,z04736_y03072_x02688,7,124,1,0,2,356,201,1.31721,347.688,-29722.3,8.59746,5.48166,33.4346,6,0,10.4346,2,0,1666.55,43,-0.0931758,6.15005,6671,0
471,z04736_y03072_x02688,8,284,1,2,2,128,79,1.0685,232.125,-21698.9,16.1685,11.2966,23.4362,5,0,21.4362,5,0,8014.25,274,0.0889939,6.49583,1483,0
472,z04736_y03072_x02688,15,285,0,-1,0,169,105,1.14599,355.059,-39044.8,28.1265,28.1265,33.4279,5,3,32.4279,0,0,0,0,0,0,0,0
473,z04736_y03072_x02816,6,286,1,0,-1,97,68,1.22612,313.861,-29805.1,8.48374,7.06286,30.4793,6,0,7.4793,-1,0,-691.298,18,0.0267694,-2.47215,841,0
474,z04736_y03072_x02816,2,203,1,0,-2,414,232,1.37966,306.306,-29848.2,8.42394,6.58851,29.5017,5,0,6.50167,-2,0,-1298.57,5,-0.0160397,-2.62736,2736,0
475,z04736_y03072_x02816,3,205,0,-1,0,457,252,1.22178,294.772,-25643.3,13.0145,10.515,28.5002,5,0,13.5002,0,0,0,58,-118.955,-118.97,0,0
476,z04736_y03072_x02816,4,206,1,1,1,459,254,1.10723,278.158,-23657.4,14.688,11.6526,27.5012,5,0,15.5012,1,0,1310.95,97,-109.553,-109.452,2355,0
477,z04736_y03072_x02816,5,207,1,1,0,435,241,1.18666,267.235,-23646.9,14.6964,11.1574,26.4989,5,0,14.4989,0,0,0,79,-109.561,-109.457,2369,0
478,z04736_y03072_x02816,8,208,1,2,2,449,248,1.44911,238.209,-21795.5,16.0987,11.7766,23.502,5,0,21.502,5,0,8014.25,273,0.0842649,6.51616,4089,0
479,z04736_y03072_x02816,9,231,0,2,0,375,209,1.3808,221.227,-21798.7,16.0964,9.76151,21.508,4,0,19.508,3,0,4598.53,228,0.124847,7.10791,3554,0
480,z04736_y03072_x02816,10,230,0,2,-1,112,71,1.11629,215.634,-21766.8,16.1195,9.99191,20.5314,3,1,18.5314,2,0,2986.75,173,0.0512638,5.59211,1391,0
481,z04736_y03072_x02816,0,287,1,0,0,270,155,1.09811,320.636,-29845.6,8.42749,5.89346,31.4963,6,0,8.4963,0,0,0,26,0.0276463,-2.16682,2238,0
482,z04736_y03072_x02816,1,288,1,0,1,93,62,1.08301,324.38,-29839.3,8.43628,5.42022,32.4914,7,0,9.49136,1,0,789.607,34,0.103,-2.44076,1063,0
483,z04736_y03072_x02944,3,289,0,-1,0,379,211,1.08224,343.466,-25773.6,12.8969,14.3563,28.5624,2,0,13.5624,0,0,0,57,-118.955,-118.97,0,0
484,z04736_y03072_x02944,8,290,1,2,2,265,151,2.3471,293.348,-21931.9,15.9996,16.1261,23.5722,0,0,21.5722,5,0,8014.25,269,0.0865406,6.9504,2985,0
485,z04736_y03072_x02944,4,291,1,1,1,237,136,1.18863,326.144,-23787.2,14.5845,15.4379,27.5632,2,0,15.5632,1,0,1310.95,94,-109.553,-109.452,1192,0
486,z04736_y03072_x02944,9,292,0,2,0,312,176,4.56672,275.983,-21922.8,16.0063,14.0809,21.5766,0,1,19.5766,3,0,4598.53,225,0.109112,8.3211,3115,0
487,z04736_y03072_x02944,10,293,0,2,-1,280,159,1.32187,261.333,-21862.7,16.05,13.5968,20.5847,0,1,18.5847,2,0,2986.75,171,0.0312125,5.98968,3372,0
488,z04736_y03072_x02944,5,294,1,1,0,218,126,1.60852,317.412,-23785.3,14.5861,15.1155,26.568,2,0,14.568,0,0,0,74,-109.558,-109.451,1197,0
489,z04736_y03072_x02944,2,295,1,0,-2,162,98,1.11377,343.126,-29952,8.27798,9.49298,29.5507,2,0,6.55071,-2,0,-1298.57,4,-0.0160397,-2.62061,26,0
490,z04736_y03072_x03072,8,296,1,2,2,226,131,1.8523,371.905,-22062,15.9046,22.323,23.6199,-6,0,21.6199,5,0,8014.25,265,0.0734365,7.31146,2271,0
491,z04736_y03072_x03072,9,297,0,2,0,311,176,16.3056,357.652,-22060.7,15.9055,20.5233,21.6259,-7,1,19.6259,3,0,4598.53,218,0.0851345,9.13156,2592,0
492,z04736_y03072_x03072,5,298,1,1,0,314,179,1.29737,393.972,-23910.2,14.4858,21.1549,26.6131,-4,0,14.6131,0,0,0,73,-109.556,-109.45,1569,0
493,z04736_y03072_x03072,4,299,1,1,1,289,164,1.21333,410.793,-23923.4,14.4752,22.1154,27.6102,-5,0,15.6102,1,0,1310.95,92,-109.554,-109.451,1526,0
494,z04736_y03072_x03072,10,300,0,2,-1,261,149,1.43714,330.035,-21986.4,15.9598,19.0164,20.632,-5,1,18.632,2,0,2986.75,168,0.00865477,6.46031,2434,0
495,z04736_y03072_x03072,3,301,0,-1,0,139,85,1.0612,413.042,-25900.1,12.7819,19.8447,28.6055,-4,1,13.6055,0,0,0,56,-118.955,-118.97,0,0
496,z04736_y03200_x02560,5,302,1,1,0,452,250,1.11079,302.367,-23364.7,14.9187,13.9287,26.3393,2,0,14.3393,0,0,0,89,-109.6,-109.498,2266,0
497,z04736_y03200_x02560,4,303,1,1,1,422,235,1.04254,309.525,-23370.8,14.914,14.127,27.3447,3,0,15.3447,1,0,1310.95,105,-109.561,-109.461,2289,0
498,z04736_y03200_x02560,8,304,1,2,2,460,254,1.1203,295.559,-21515,16.3005,16.3005,23.3325,0,0,21.3325,5,0,8014.25,284,0.106993,5.50199,3866,0
499,z04736_y03200_x02560,3,305,0,-1,0,314,178,1.10272,328.478,-25340.8,13.2831,13.1739,28.3437,2,0,13.3437,0,0,0,69,-118.971,-118.986,0,0
500,z04736_y03200_x02560,9,306,0,2,0,137,83,1.05839,250.107,-21521.8,16.2957,12.0397,21.3206,2,0,19.3206,3,0,4598.53,237,0.107551,4.89808,2074,0
501,z04736_y03200_x02560,2,124,1,0,-2,230,134,1.08918,341.981,-29526.7,8.86036,9.40266,29.341,3,0,6.34102,-2,0,-1298.57,15,-0.0355194,-2.89645,3063,0
502,z04736_y03200_x02560,10,307,0,2,-1,74,50,1.10983,227.312,-21471.5,16.3317,10.9131,20.3179,2,0,18.3179,2,0,2986.75,187,0.0200912,2.54468,879,0
503,z04736_y03200_x02688,11,308,0,-1,0,415,230,1.21646,177.615,-19717.5,17.5387,9.80339,19.374,5,0,16.374,-1,0,-1473.59,129,114.77,115.016,0,0
504,z04736_y03200_x02688,10,238,0,2,-1,470,259,1.16656,199.113,-21575.3,16.2574,8.68865,20.3883,5,0,18.3883,2,0,2986.75,182,0.039729,4.36991,4573,0
505,z04736_y03200_x02688,9,231,0,2,0,429,237,1.1919,217.553,-21646.7,16.2061,9.47174,21.4002,4,0,19.4002,3,0,4598.53,233,0.0906856,6.07403,4369,0
506,z04736_y03200_x02688,8,209,1,2,2,218,129,1.1533,249.204,-21627.3,16.22,12.6439,23.3911,4,0,21.3911,5,0,8014.25,278,0.0788384,5.78843,2241,0
507,z04736_y03200_x02688,12,309,0,-1,0,253,146,1.20184,144.494,-7586.85,24.2897,18.0106,17.3743,6,-4,23.3743,-1,-4,-2045.34,313,-111.791,-111.654,0,49
508,z04736_y03200_x02688,12,310,0,-1,0,175,105,1.28705,128.872,-9143.06,23.5327,16.7783,18.378,8,-2,24.378,1,-2,2066.34,380,-110.178,-107.044,0,0
509,z04736_y03200_x02688,5,207,1,1,0,65,50,1.13409,264.86,-23453.3,14.8493,10.97,26.3842,5,0,14.3842,0,0,0,85,-109.573,-109.47,132,0
510,z04736_y03200_x02816,12,311,0,-1,0,342,192,1.43826,97.4893,-11898.4,22.1287,14.3027,20.5196,13,1,26.5196,4,1,8330.49,458,157.727,176.865,0,130
511,z04736_y03200_x02816,12,312,0,-1,0,365,204,1.14828,122.468,-9247.76,23.4809,16.2731,18.5032,9,-2,24.5032,1,-2,2061.86,378,-106.098,-102.656,0,0
512,z04736_y03200_x02816,12,313,0,-1,0,373,208,1.17026,137.057,-7708.58,24.2313,17.424,17.5067,7,-4,23.5067,-1,-4,-2040.3,310,-116.785,-116.61,0,102
513,z04736_y03200_x02816,11,314,0,-1,0,344,193,1.23264,173.054,-19857.5,17.4455,9.44356,19.4976,6,0,16.4976,-1,0,-1473.59,124,114.799,115.051,0,0
514,z04736_y03200_x02816,10,315,0,2,-1,256,149,1.15173,196.097,-21693.7,16.1722,8.4508,20.4798,5,0,18.4798,2,0,2986.75,177,0.0500513,4.48641,2397,0
515,z04736_y03200_x02816,12,66,0,-1,0,126,80,40.1413,96.2216,-12906.2,21.5922,14.2027,21.5645,14,3,27.5645,6,3,12682.2,577,355.112,286.926,502,499
516,z04736_y03200_x02816,9,316,0,2,0,67,50,1.15377,204.665,-21733.8,16.1433,8.45501,21.4629,5,0,19.4629,3,0,4598.53,230,0.0874677,6.00001,526,0
517,z04736_y03200_x02944,12,317,0,-1,0,81,58,2.11776,219.217,-10819.6,22.6888,23.905,19.642,2,0,25.642,3,0,6239.47,445,21.539,59.7799,0,0
518,z04736_y03200_x02944,12,318,0,-1,0,265,151,1.37191,170.892,-12044.9,22.0515,20.093,20.6434,7,2,26.6434,5,2,10555.8,555,157.432,184.342,4,0
519,z04736_y03200_x02944,11,319,0,-1,0,244,140,1.2766,230.523,-19997.1,17.352,13.977,19.5949,1,1,16.5949,-1,0,-1473.59,119,114.846,115.104,0,0
520,z04736_y03200_x02944,12,320,0,-1,0,289,170,1.43035,197.688,-9388.91,23.4109,22.2068,18.6177,3,-2,24.6177,1,-2,2055.81,372,-100.614,-96.6299,0,0
521,z04736_y03200_x02944,12,321,0,-1,0,318,181,1.32258,203.557,-7843.86,24.1663,22.6698,17.6052,2,-4,23.6052,-1,-4,-2034.68,306,-122.263,-122.032,0,53
522,z04736_y03200_x03072,12,322,0,-1,0,419,232,1.28768,286.246,-9537.35,23.337,29.1926,18.6792,-4,-2,24.6792,1,-2,2049.43,366,-94.9639,-90.4677,0,0
523,z04736_y03200_x03072,12,323,0,-1,0,423,235,1.44603,294.807,-7993.52,24.0942,29.8679,17.6711,-6,-3,23.6711,0,-3,0,361,-122.237,-121.972,0,0
524,z04736_y03200_x03072,11,224,0,-1,0,421,233,1.24675,310.167,-20144.2,17.2529,20.2597,19.6557,-5,1,16.6557,-1,0,-1473.59,112,114.885,115.153,0,0
525,z04736_y03200_x03072,12,324,0,-1,0,351,197,1.39916,269.418,-10909.4,22.6427,27.8651,19.6845,-1,0,25.6845,3,0,6227.53,441,33.1314,73.5636,0,0
526,z04736_y03200_x03072,10,221,0,2,-1,95,63,1.596,357.702,-22062.9,15.9039,21.1988,20.661,-8,1,18.661,2,0,2986.75,164,0.00480359,6.70303,1050,0
527,z04736_y03200_x03072,12,53,0,-1,0,56,39,10.3732,224.579,-12137.1,22.0028,24.3281,20.6847,3,2,26.6847,5,2,10535.3,545,172.119,202.253,148,118
528,z04736_y03328_x02560,11,325,0,-1,0,388,216,1.40884,243.747,-19543.2,17.6542,15.0201,19.264,0,0,16.264,-1,0,-1473.59,133,114.915,115.114,0,0
529,z04736_y03328_x02560,10,326,0,2,-1,437,242,1.18816,265.31,-21367,16.4061,13.9106,20.2606,-1,0,18.2606,2,0,2986.75,191,-0.021484,0.103381,1597,0
530,z04736_y03328_x02560,9,327,0,2,0,347,198,1.183,296.473,-21414.5,16.3723,15.6972,21.2653,-2,0,19.2653,3,0,4598.53,242,0.0669574,2.99633,2012,0
531,z04736_y03328_x02560,12,328,0,-1,0,287,163,6.35008,223.868,-7406.46,24.3759,24.2719,17.2473,0,-4,23.2473,-1,-4,-2052.79,321,-104.255,-104.182,0,94
532,z04736_y03328_x02560,12,329,0,-1,0,162,98,11.5772,206.444,-8953.82,23.6261,22.8975,18.2323,2,-2,24.2323,1,-2,2074.4,390,-117.028,-114.677,0,0
533,z04736_y03328_x02688,12,330,0,-1,0,602,328,1.46542,147.401,-10426.3,22.8896,18.2399,19.2774,8,-1,25.2774,2,-1,4107.94,396,-25.4385,-20.6849,0,0
534,z04736_y03328_x02688,12,158,0,-1,0,508,279,1.40288,133.18,-11719.2,22.2227,17.1181,20.2765,10,1,26.2765,4,1,8316.06,469,173.652,195.485,2388,2264
535,z04736_y03328_x02688,12,233,0,-1,0,314,178,1.29448,159.924,-9051.56,23.5779,19.2278,18.2916,6,-2,24.2916,1,-2,2070.24,384,-113.647,-110.81,0,0
536,z04736_y03328_x02688,12,311,0,-1,0,381,213,1.36327,104.458,-11722.1,22.2212,14.8524,20.2594,12,1,26.2594,4,1,8330.49,471,158.453,178.981,2134,2108
537,z04736_y03328_x02688,12,232,0,-1,0,161,97,1.27975,171.832,-7501.82,24.3304,20.1671,17.2992,4,-4,23.2992,-1,-4,-2048.85,315,-108.278,-108.172,0,36
538,z04736_y03328_x02816,12,170,0,-1,0,537,296,1.71714,54.1816,-12802.5,21.6481,10.8864,21.3977,17,3,27.3977,6,3,12717,585,319.609,260.918,1308,861
539,z04736_y03328_x02816,12,331,0,-1,0,479,264,1.68355,40.4395,-12714.7,21.6952,9.80234,21.3816,18,3,27.3816,6,3,12741.5,596,292.344,282.405,1952,861
540,z04736_y03328_x02816,12,332,0,-1,0,69,50,1.3214,81.7317,-11809.6,22.1753,13.0596,20.3883,14,1,26.3883,4,1,8314.63,462,174.379,204.079,311,360
541,z04736_y03328_x02816,12,332,0,-1,0,68,50,1.11139,86.6464,-11820.7,22.1695,13.4473,20.3985,13,1,26.3985,4,1,8314.63,461,174.764,183.91,134,194
542,z04736_y03328_x02944,12,55,0,-1,0,435,241,1.43832,156.752,-13070.3,21.5036,18.9776,21.7213,10,3,27.7213,6,3,12642.2,567,395.649,292.858,758,0
543,z04736_y03328_x02944,12,66,0,-1,0,284,164,1.27794,91.535,-12950.6,21.5683,13.833,21.7225,15,3,27.7225,6,3,12682.2,574,355.024,291.811,669,499
544,z04736_y03328_x03072,12,333,0,-1,0,274,157,1.55359,265.65,-12219.2,21.9594,27.5679,20.7363,0,2,26.7363,5,2,10516,539,190.767,195.901,1272,1031
545,z04736_y03328_x03072,12,334,0,-1,0,275,164,2.42377,314.818,-11013.9,22.589,31.4465,19.7353,-5,0,25.7353,3,0,6213.59,440,46.7915,92.6142,1,0
546,z04736_y03328_x03072,12,53,0,-1,0,246,143,1.19083,243.348,-12200.3,21.9694,25.8087,20.7314,2,2,26.7314,5,2,10535.3,544,171.343,168.288,1371,1149
547,z04736_y03456_x02560,11,75,0,-1,0,296,168,1.18121,274.243,-19384.7,17.7585,17.4258,19.1812,-2,0,16.1812,-1,0,-1473.59,138,114.942,115.135,0,0
548,z04736_y03456_x02560,10,335,0,2,-1,306,173,2.10954,307.993,-21226.1,16.5059,17.2776,20.1894,-4,0,18.1894,2,0,2986.75,193,-0.0536427,-3.46613,1262,0
549,z04736_y03456_x02560,12,247,0,-1,0,368,206,1.29963,241.291,-7280.34,24.436,25.6464,17.1772,-2,-4,23.1772,-1,-4,-2057.98,325,-98.9437,-98.8737,0,63
550,z04736_y03456_x02560,12,248,0,-1,0,142,86,1.30618,220.283,-8877.23,23.6637,23.9891,18.1848,1,-2,24.1848,1,-2,2077.66,391,-120.066,-117.933,0,0
551,z04736_y03456_x02560,9,336,0,2,0,193,117,1.8132,329.709,-21249.3,16.4895,18.3191,21.1838,-5,0,19.1838,3,0,4598.53,243,0.0188505,-2.63889,882,0
552,z04736_y03456_x02688,12,60,0,-1,0,310,175,1.2998,215.121,-10251,22.9785,23.582,19.1544,3,-1,25.1544,2,-1,4127.47,404,-44.3462,-39.6231,603,603
553,z04736_y03456_x02688,12,50,0,-1,0,234,135,1.18438,192.462,-11556,22.308,21.7945,20.1376,5,1,26.1376,4,1,8362.05,480,129.199,175.701,1253,1261
554,z04736_y03456_x02688,12,337,0,-1,0,284,166,1.31229,167.308,-11558.6,22.3067,19.8103,20.1223,7,1,26.1223,4,1,8360.03,477,129.642,146.866,1404,1261
555,z04736_y03456_x02688,12,61,0,-1,0,150,90,1.04214,233.254,-8802.61,23.7004,25.0123,18.1363,0,-3,24.1363,0,-3,0,333,-121.124,-119.32,0,0
556,z04736_y03456_x02688,12,338,0,-1,0,76,50,1.22654,245.397,-7211.71,24.4686,25.9703,17.132,-2,-4,23.132,-1,-4,-2060.8,327,-95.6657,-95.4648,0,30
557,z04736_y03456_x02816,12,339,0,-1,0,102,67,1.09032,97.9477,-12674.3,21.7169,14.3388,21.0934,14,2,27.0934,5,2,10411.3,511,319.609,261.972,647,0
558,z04736_y03456_x02816,12,175,0,-1,0,247,144,2.28742,150.147,-12568.8,21.7733,18.4566,21.0259,9,2,27.0259,5,2,10447.9,520,258.079,190.111,298,298
559,z04736_y03456_x02816,12,175,0,-1,0,202,120,1.4567,153.799,-12515.7,21.8017,18.7446,20.9732,8,2,26.9732,5,2,10447.9,523,258.149,206.945,878,568
560,z04736_y03456_x02816,13,340,1,-1,0,76,50,1.10383,104.907,-13055,21.5119,23.8079,3.89282,-3,0,26.8928,5,0,10332,502,0,94.2634,584,0
561,z04736_y03456_x02944,12,341,0,-1,0,387,218,1.68948,215.559,-12418.9,21.8533,23.6165,20.8796,4,2,26.8796,5,2,10470.2,531,236.224,206.359,121,0
562,z04736_y03456_x02944,12,342,0,-1,0,574,314,2.31291,186.878,-13196.7,21.4351,21.354,21.858,7,3,27.858,6,3,12606.6,562,431.148,331.656,4,0
563,z04736_y03456_x02944,12,262,0,-1,0,72,50,1.68008,245.643,-11228.6,22.4781,25.9896,19.8688,0,0,25.8688,3,0,6184.86,432,74.8719,135.29,0,0
564,z04736_y03456_x03072,12,343,0,-1,0,548,300,1.86044,279.334,-11148.9,22.5193,28.6474,19.8172,-2,0,25.8172,3,0,6195.54,435,64.4541,116.377,1,0
565,z04736_y03456_x03072,12,35,0,-1,0,481,265,1.24258,301.579,-9800.8,23.2053,30.4021,18.8185,-5,-1,24.8185,2,-1,4186.22,425,-100.884,-92.9345,0,0
566,z04736_y03456_x03072,12,253,0,-1,0,439,243,1.63852,267.814,-12324.6,21.9035,27.7386,20.8127,0,2,26.8127,5,2,10491.9,535,214.674,207.071,1170,1165
567,z04736_y03456_x03072,12,254,0,-1,0,238,138,1.28834,318.199,-8316.29,23.9379,31.7132,17.822,-7,-3,23.822,0,-3,0,354,-120.853,-119.273,0,0
568,z04736_y03456_x03072,12,253,0,-1,0,171,112,1.41893,256.853,-12331.7,21.8997,26.874,20.8181,1,2,26.8181,5,2,10491.9,534,214.663,187.701,1228,1165
569,z04736_y03456_x03072,12,344,0,-1,0,72,50,1.04387,351.06,-6667.46,24.726,34.3054,16.8271,-11,-5,22.8271,-2,-5,-4079.66,299,-75.0133,-74.6709,0,57
570,z04736_y03584_x02560,9,345,0,2,0,488,269,1.56512,372.518,-21118.1,16.582,21.696,21.1296,-8,0,19.1296,3,0,4598.53,246,-0.0224106,-4.68575,2525,0
571,z04736_y03584_x02560,10,346,0,2,-1,439,243,1.33944,341.541,-21089.8,16.6019,19.924,20.1262,-7,0,18.1262,2,0,2986.75,200,-0.0747523,-5.95981,2001,0
572,z04736_y03584_x02560,11,347,0,-1,0,152,91,1.10582,298.104,-19281,17.8263,19.308,19.1252,-4,0,16.1252,-1,0,-1473.59,144,114.925,115.104,0,0
573,z04736_y03584_x02688,12,348,0,-1,0,486,268,1.28803,270.214,-7125.48,24.5096,27.9279,17.0815,-4,-4,23.0815,-1,-4,-2064.34,331,-91.7838,-91.483,0,35
574,z04736_y03584_x02688,11,349,0,-1,0,418,232,1.19735,300.895,-19190.3,17.8856,19.5283,19.0728,-5,0,16.0728,-1,0,-1473.59,148,114.923,115.097,0,0
575,z04736_y03584_x02688,12,61,0,-1,0,316,179,1.14547,241.473,-8717.91,23.7419,25.6607,18.0795,-1,-3,24.0795,0,-3,0,338,-121.28,-119.533,0,0
576,z04736_y03584_x02688,12,60,0,-1,0,256,147,1.05223,224.829,-10185.6,23.0116,24.3478,19.0744,1,-1,25.0744,2,-1,4127.47,407,-44.1335,-39.4973,603,603
577,z04736_y03584_x02688,12,256,0,-1,0,144,88,1.36109,211.315,-11470.4,22.3526,23.2817,20.0654,3,1,26.0654,4,1,8402.04,487,89.6428,139.138,448,374
578,z04736_y03584_x02688,10,350,0,2,-1,131,82,1.46509,342.395,-21000.8,16.6642,19.9914,20.0822,-7,0,18.0822,2,0,2986.75,201,-0.082651,-6.8843,0,0
579,z04736_y03584_x02816,12,256,0,-1,0,356,200,1.11658,211.989,-11406.6,22.3858,23.3349,19.996,3,1,25.996,4,1,8402.04,492,89.5861,156.861,2103,2071
580,z04736_y03584_x02816,12,351,0,-1,0,360,201,1.79793,230.467,-11396.1,22.3913,24.7925,20.0007,2,1,26.0007,4,1,8405.41,495,86.505,144.253,1733,1701
581,z04736_y03584_x02816,12,352,0,-1,0,414,230,1.64036,249.416,-10079.2,23.0653,26.2873,19.0003,-1,-1,25.0003,2,-1,4138.31,413,-54.5537,-46.9273,0,0
582,z04736_y03584_x02816,12,353,0,-1,0,401,223,1.48857,265.017,-8601.27,23.799,27.5179,18.0016,-3,-3,24.0016,0,-3,0,342,-121.105,-119.416,0,0
583,z04736_y03584_x02816,12,267,0,-1,0,349,196,1.52695,287.135,-6994.21,24.5718,29.2627,17.0005,-6,-5,23.0005,-2,-5,-4063.31,287,-91.6842,-91.3351,0,53
584,z04736_y03584_x02816,12,257,0,-1,0,99,63,1.62295,192.389,-12503.8,21.8081,21.7888,20.9654,6,2,26.9654,5,2,10466.6,524,239.567,196.599,501,310
585,z04736_y03584_x02816,11,179,0,-1,0,78,52,1.13362,300.127,-19091.1,17.9501,19.4676,19.0184,-5,-1,16.0184,-1,0,-1473.59,149,114.97,115.127,0,0
586,z04736_y03584_x02944,12,261,0,-1,0,486,267,1.59201,268.847,-9960.04,23.1253,27.8201,18.9162,-2,-1,24.9162,2,-1,4162.01,417,-77.5889,-69.0088,0,46
587,z04736_y03584_x02944,12,260,0,-1,0,443,245,1.41017,286.147,-8483.73,23.8564,29.1848,17.9194,-4,-3,23.9194,0,-3,0,346,-120.92,-119.26,0,0
588,z04736_y03584_x02944,12,273,0,-1,0,355,199,1.32849,312.286,-6874.47,24.6284,31.2468,16.9283,-8,-5,22.9283,-2,-5,-4071.59,290,-83.1157,-82.7643,0,53
589,z04736_y03584_x02944,12,262,0,-1,0,451,249,1.49687,248.908,-11289.7,22.4465,26.2472,19.9134,0,1,25.9134,4,1,8419.29,501,73.3106,150.7,1453,1202
590,z04736_y03584_x02944,12,354,0,-1,0,98,63,2.95248,217.827,-12463.6,21.8295,23.7954,20.9227,4,2,26.9227,5,2,10459.9,525,246.373,208.732,13,40
591,z04736_y03584_x02944,12,351,0,-1,0,238,138,1.15906,234.098,-11306.1,22.438,25.079,19.9254,1,1,25.9254,4,1,8405.41,500,86.2901,144.724,1457,1206
592,z04736_y03584_x02944,11,263,0,-1,0,229,134,1.32411,330.965,-18919.7,18.0609,21.9003,18.9189,-7,-1,15.9189,-1,0,-1473.59,156,115.009,115.149,0,0
593,z04736_y03584_x02944,10,271,0,2,-1,67,50,1.08373,352.154,-20691,16.8796,20.7612,19.9124,-8,-1,17.9124,2,0,2986.75,211,-0.226966,-18.2747,0,0
594,z04736_y03584_x03072,10,355,0,2,-1,465,257,3.31479,367.471,-20605.5,16.9385,21.9695,19.8739,-9,-1,17.8739,2,0,2986.75,212,-0.215231,-18.1251,2418,0
595,z04736_y03584_x03072,11,356,0,-1,0,491,270,1.0622,348.156,-18801.4,18.1371,23.2564,18.8631,-9,-1,15.8631,-1,0,-1473.59,159,115.008,115.148,0,0
596,z04736_y03584_x03072,12,357,0,-1,0,338,190,1.03234,329.705,-6750.11,24.687,32.6208,16.8649,-9,-5,22.8649,-2,-5,-4072.94,296,-81.7361,-81.3917,0,57
597,z04736_y03584_x03072,9,358,0,2,0,466,256,1.49347,377.462,-20604.1,16.9394,22.086,20.8773,-9,-1,18.8773,3,0,4598.53,256,-0.116711,-12.3776,2418,0
598,z04736_y03584_x03072,12,359,0,-1,0,145,88,1.15466,293.834,-8395.06,23.8996,29.7912,17.8659,-5,-3,23.8659,0,-3,0,351,-120.898,-119.278,0,0
599,z04736_y03584_x03072,12,360,0,-1,0,72,50,1.1,280.91,-9881.79,23.1647,28.7717,18.8675,-3,-1,24.8675,2,-1,4155.48,421,-70.58,-62.3554,0,46
