# PHerc0139 reference axis in voxel coordinates (z,y,x).
# Smoothed mesh-derived axis; the 4x5x5 reference crop spans z=4352..4864.
4384.0,3395.61,2909.83,smooth,4.2
4448.0,3397.17,2915.43,smooth,4.6
4512.0,3398.72,2915.06,smooth,25.4
4576.0,3401.46,2919.92,smooth,11.9
4640.0,3408.99,2928.85,smooth,4.2
4704.0,3420.00,2938.73,smooth,0.6
4768.0,3436.25,2946.47,smooth,1.4
4832.0,3453.56,2946.06,smooth,11.2
4896.0,3473.77,2941.05,smooth,20.8
4960.0,3490.31,2944.08,smooth,3.4
5024.0,3497.27,2955.14,smooth,0.2
5088.0,3507.94,2966.91,smooth,0.4
5152.0,3517.32,2977.69,smooth,0.7
5216.0,3523.58,2985.91,smooth,1.0
5280.0,3532.54,2996.28,smooth,5.4
5344.0,3548.01,3013.51,smooth,1.2
5408.0,3567.51,3033.78,smooth,1.1
5472.0,3587.99,3038.95,smooth,16.2
5536.0,3609.50,3030.89,smooth,4.0
5600.0,3631.37,3030.69,smooth,15.9
5664.0,3649.45,3035.60,smooth,1.5
5728.0,3660.36,3045.55,smooth,0.7
5792.0,3666.04,3054.11,smooth,1.4
5856.0,3677.33,3059.23,smooth,7.4
5920.0,3695.78,3057.68,smooth,1.0
5984.0,3715.57,3055.34,smooth,5.3
6048.0,3733.47,3059.90,smooth,0.8
6112.0,3751.01,3067.54,smooth,3.6
6176.0,3769.31,3072.74,smooth,-1.0
6240.0,3787.62,3077.95,smooth,-1.0
6304.0,3768.93,3111.10,smooth,-1.0
6368.0,3778.06,3123.68,smooth,-1.0
6432.0,3787.18,3136.27,smooth,-1.0
6496.0,3796.31,3148.86,smooth,-1.0
6560.0,3805.43,3161.44,smooth,2.1
6624.0,3814.56,3174.03,smooth-extrap,-1.0
6688.0,3823.68,3186.62,smooth-extrap,-1.0
